"","symbol","Alpha","performance","LMT_std","mean","period","interest_mean","unemp_mean","sector"
"1","MMM",-0.007,0,6.61,-1.71,"2001",4.4,4.5,"Industrials"
"2","ABT",0.0093,0,7.81,1.33,"2001",4.4,4.5,"Health Care"
"3","ADM",-0.0051,0,7.68,-0.7,"2001",4.4,4.5,"Consumer Staples"
"4","ADBE",-0.0088,0,21.08,-4.32,"2001",4.4,4.5,"Technology"
"5","ADP",-0.0221,0,4.06,-2.62,"2001",4.4,4.5,"Consumer Discretionary"
"6","AES",-0.0748,0,18.87,-10.93,"2001",4.4,4.5,"Utilities"
"7","AFL",-0.0166,0,8.17,-2.2,"2001",4.4,4.5,"Finance"
"8","A",-0.031,0,17,-8.07,"2001",4.4,4.5,"Industrials"
"9","APD",0.0039,0,7.8,-0.09,"2001",4.4,4.5,"Industrials"
"10","AKAM",-0.0463,0,30.23,-13.65,"2001",4.4,4.5,"Consumer Discretionary"
"11","ALL",-0.0173,0,8.65,-0.79,"2001",4.4,4.5,"Finance"
"12","MO",0.0058,0,5.19,1.13,"2001",4.4,4.5,"Consumer Discretionary"
"13","AEE",-0.0123,0,5.52,-0.9,"2001",4.4,4.5,"Utilities"
"14","AEP",-0.001,0,5.81,0.16,"2001",4.4,4.5,"Utilities"
"15","AXP",-0.0393,0,7.35,-5.23,"2001",4.4,4.5,"Finance"
"16","AIG",-0.0241,0,4.59,-2.19,"2001",4.4,4.5,"Finance"
"17","AMT",-0.025,0,21.19,-7.57,"2001",4.4,4.5,"Finance"
"18","ABC",0.0329,1,7.55,3.78,"2001",4.4,4.5,"Health Care"
"19","AMGN",0.0115,0,8.55,-0.38,"2001",4.4,4.5,"Health Care"
"20","APH",0.0672,1,20.31,0.68,"2001",4.4,4.5,"Technology"
"21","ADI",0.0543,1,23.03,-1.23,"2001",4.4,4.5,"Technology"
"22","AON",0.0183,0,5.25,2.54,"2001",4.4,4.5,"Finance"
"23","APA",-0.0457,0,8.77,-4.75,"2001",4.4,4.5,"Energy"
"24","AAPL",0.0612,1,21.87,2.44,"2001",4.4,4.5,"Technology"
"25","AMAT",0.0333,1,18.1,-1.71,"2001",4.4,4.5,"Technology"
"26","T",-0.008,0,8.58,-0.26,"2001",4.4,4.5,"Consumer Discretionary"
"27","ADSK",0.0737,1,19.29,3.48,"2001",4.4,4.5,"Technology"
"28","AZO",0.0712,1,9.81,7.13,"2001",4.4,4.5,"Consumer Discretionary"
"29","AVY",-8e-04,0,5.67,-1.08,"2001",4.4,4.5,"Miscellaneous"
"30","BKR",-0.0193,0,7.38,-3.51,"2001",4.4,4.5,"Energy"
"31","BALL",0.0141,0,6.72,3.11,"2001",4.4,4.5,"Industrials"
"32","BAC",0.0416,1,6.27,2.82,"2001",4.4,4.5,"Finance"
"33","BBWI",0.0042,0,15.72,-4.09,"2001",4.4,4.5,"Miscellaneous"
"34","BAX",0.014,0,3.76,2.22,"2001",4.4,4.5,"Health Care"
"35","BDX",4e-04,0,4.52,0.89,"2001",4.4,4.5,"Health Care"
"36","BBY",0.1798,1,32.94,8.3,"2001",4.4,4.5,"Consumer Discretionary"
"37","BIIB",0.0319,1,17.99,0.14,"2001",4.4,4.5,"Health Care"
"38","BK",-0.0296,0,6.74,-4.4,"2001",4.4,4.5,"Finance"
"39","BA",-0.0315,0,13.11,-5.29,"2001",4.4,4.5,"Industrials"
"40","BKNG",0.3046,1,47.49,17.82,"2001",4.4,4.5,"Consumer Discretionary"
"41","BXP",-0.0089,0,3.5,-0.82,"2001",4.4,4.5,"Real Estate"
"42","BSX",0.0418,1,12.9,5.03,"2001",4.4,4.5,"Health Care"
"43","BMY",-0.0222,0,7.03,-1.38,"2001",4.4,4.5,"Health Care"
"44","CHRW",4e-04,0,6.56,-0.56,"2001",4.4,4.5,"Consumer Discretionary"
"45","CPB",-0.0143,0,5.91,-1.75,"2001",4.4,4.5,"Consumer Staples"
"46","COF",0.0031,0,9.84,-2.35,"2001",4.4,4.5,"Finance"
"47","CAH",0.0148,0,4.49,1.36,"2001",4.4,4.5,"Health Care"
"48","CCL",0.0056,0,13.36,-1.69,"2001",4.4,4.5,"Consumer Discretionary"
"49","CAT",0.0165,0,8.95,0.05,"2001",4.4,4.5,"Industrials"
"50","CNP",-0.0403,0,12.55,-3.76,"2001",4.4,4.5,"Utilities"
"51","SCHW",-0.0313,0,15.19,-7.34,"2001",4.4,4.5,"Finance"
"52","CVX",0.0054,0,4.81,0.05,"2001",4.4,4.5,"Energy"
"53","CI",-0.0421,0,6.18,-4,"2001",4.4,4.5,"Health Care"
"54","CINF",-0.0031,0,5.58,0.53,"2001",4.4,4.5,"Finance"
"55","CTAS",9e-04,0,11.08,-1.87,"2001",4.4,4.5,"Consumer Discretionary"
"56","CSCO",-0.0251,0,18.71,-7.94,"2001",4.4,4.5,"Telecommunications"
"57","C",0.0124,0,8.61,-1.46,"2001",4.4,4.5,"Finance"
"58","CTXS",0.1334,1,35.23,4.42,"2001",4.4,4.5,"Technology"
"59","CLX",0.0154,0,6.65,1.2,"2001",4.4,4.5,"Consumer Discretionary"
"60","CMS",-0.0259,0,5.99,-3.54,"2001",4.4,4.5,"Utilities"
"61","KO",-0.0181,0,6.49,-2.43,"2001",4.4,4.5,"Consumer Staples"
"62","CTSH",0.0767,1,28.62,-0.77,"2001",4.4,4.5,"Technology"
"63","CL",-0.0086,0,4.65,-0.66,"2001",4.4,4.5,"Consumer Discretionary"
"64","CMCSA",-0.0047,0,5.95,-1.1,"2001",4.4,4.5,"Consumer Discretionary"
"65","CMA",-0.0067,0,7.68,-0.16,"2001",4.4,4.5,"Finance"
"66","CAG",0.0074,0,8.96,-0.61,"2001",4.4,4.5,"Consumer Staples"
"67","COP",0.0106,0,6.9,-0.32,"2001",4.4,4.5,"Energy"
"68","ED",0.007,0,3.97,1.38,"2001",4.4,4.5,"Utilities"
"69","GLW",-0.0731,0,19.84,-13.32,"2001",4.4,4.5,"Technology"
"70","COST",0.0019,0,9.25,-1.16,"2001",4.4,4.5,"Consumer Discretionary"
"71","CTRA",-0.0225,0,8.63,-3.55,"2001",4.4,4.5,"Energy"
"72","CSX",0.0363,1,9.36,2.1,"2001",4.4,4.5,"Industrials"
"73","CMI",0.0017,0,6.79,-1.18,"2001",4.4,4.5,"Industrials"
"74","CVS",-0.0438,0,9.67,-4.87,"2001",4.4,4.5,"Health Care"
"75","DHI",0.0089,0,12.6,-0.4,"2001",4.4,4.5,"Consumer Discretionary"
"76","DHR",-0.0184,0,8.32,-3.18,"2001",4.4,4.5,"Health Care"
"77","DRI",0.0234,1,7.2,1.45,"2001",4.4,4.5,"Consumer Discretionary"
"78","DVA",0.048,1,8.76,2.59,"2001",4.4,4.5,"Health Care"
"79","DE",3e-04,0,8.59,-1.37,"2001",4.4,4.5,"Industrials"
"80","XRAY",0.0139,0,6.68,1.84,"2001",4.4,4.5,"Health Care"
"81","DVN",-0.0427,0,9.42,-5.15,"2001",4.4,4.5,"Energy"
"82","DIS",-0.0161,0,10.25,-3.76,"2001",4.4,4.5,"Consumer Discretionary"
"83","D",-0.0062,0,5.52,-0.5,"2001",4.4,4.5,"Utilities"
"84","DOV",-0.0026,0,8.59,-2.47,"2001",4.4,4.5,"Industrials"
"85","DTE",0.0119,0,6.33,1.77,"2001",4.4,4.5,"Utilities"
"86","DUK",-0.0092,0,8.4,-0.28,"2001",4.4,4.5,"Utilities"
"87","EMN",-0.0192,0,6.73,-2.38,"2001",4.4,4.5,"Industrials"
"88","ETN",0.0065,0,8.01,-0.76,"2001",4.4,4.5,"Industrials"
"89","EBAY",0.1562,1,27.27,7.34,"2001",4.4,4.5,"Consumer Discretionary"
"90","ECL",-0.0218,0,5.42,-1.74,"2001",4.4,4.5,"Consumer Discretionary"
"91","EIX",-0.0172,0,14.07,-0.2,"2001",4.4,4.5,"Utilities"
"92","EA",0.0277,1,10.35,1.45,"2001",4.4,4.5,"Consumer Discretionary"
"93","LLY",-0.0078,0,7.82,-0.74,"2001",4.4,4.5,"Health Care"
"94","EMR",-0.0262,0,6.43,-4.48,"2001",4.4,4.5,"Industrials"
"95","ETR",-0.0141,0,8.42,-0.93,"2001",4.4,4.5,"Utilities"
"96","EOG",-0.0513,0,9.59,-5.73,"2001",4.4,4.5,"Energy"
"97","EFX",0.0404,1,7.33,3.1,"2001",4.4,4.5,"Finance"
"98","EQR",0.0096,0,2.73,1.22,"2001",4.4,4.5,"Real Estate"
"99","EL",-0.0154,0,7.54,-2.22,"2001",4.4,4.5,"Consumer Discretionary"
"100","ES",-0.0103,0,7.1,-2.09,"2001",4.4,4.5,"Utilities"
"101","EXC",-0.0358,0,8.23,-3.63,"2001",4.4,4.5,"Utilities"
"102","EXPD",0.02,0,13.27,-0.24,"2001",4.4,4.5,"Consumer Discretionary"
"103","XOM",-0.0049,0,4.15,-1.07,"2001",4.4,4.5,"Energy"
"104","FDX",0.0145,0,8.56,-0.37,"2001",4.4,4.5,"Consumer Discretionary"
"105","FITB",0.0182,0,5.75,1.01,"2001",4.4,4.5,"Finance"
"106","FE",0.0138,0,6.35,2.1,"2001",4.4,4.5,"Utilities"
"107","FIS",0.1978,1,17.29,4.69,"2001",4.4,4.5,"Consumer Discretionary"
"108","FISV",0.0444,1,12.48,1.44,"2001",4.4,4.5,"Consumer Discretionary"
"109","F",-0.0028,0,11.53,-2.43,"2001",4.4,4.5,"Consumer Discretionary"
"110","BEN",0.0298,1,11.59,-0.43,"2001",4.4,4.5,"Finance"
"111","FCX",0.0624,1,19.39,4.04,"2001",4.4,4.5,"Basic Materials"
"112","GD",0.0313,1,9.32,1.95,"2001",4.4,4.5,"Industrials"
"113","GE",0.0086,0,8.13,-1.09,"2001",4.4,4.5,"Consumer Discretionary"
"114","GIS",-0.005,0,4.96,0.44,"2001",4.4,4.5,"Consumer Staples"
"115","GPC",0.0263,1,5.44,2.67,"2001",4.4,4.5,"Consumer Discretionary"
"116","GILD",0.0802,1,19.2,5.73,"2001",4.4,4.5,"Health Care"
"117","GL",0.002,0,5.53,0.72,"2001",4.4,4.5,"Finance"
"118","GS",0.0035,0,9.79,-2.57,"2001",4.4,4.5,"Finance"
"119","HAL",-0.0047,0,13.98,-4.04,"2001",4.4,4.5,"Energy"
"120","HIG",-0.0086,0,6.2,-1.28,"2001",4.4,4.5,"Finance"
"121","HAS",0.0451,1,11.97,3.35,"2001",4.4,4.5,"Consumer Discretionary"
"122","PEAK",0.0353,1,4.05,3.45,"2001",4.4,4.5,"Real Estate"
"123","HSY",-0.0189,0,6.99,0.26,"2001",4.4,4.5,"Consumer Staples"
"124","HES",-0.0071,0,8.43,-1.32,"2001",4.4,4.5,"Energy"
"125","HD",0.0092,0,8.64,-1.47,"2001",4.4,4.5,"Consumer Discretionary"
"126","HON",-0.0063,0,15.36,-3.82,"2001",4.4,4.5,"Industrials"
"127","HST",-0.0085,0,14.46,-3.84,"2001",4.4,4.5,"Real Estate"
"128","HPQ",-0.0254,0,14.95,-5.23,"2001",4.4,4.5,"Technology"
"129","HUM",-0.0352,0,12.21,-1.86,"2001",4.4,4.5,"Health Care"
"130","HBAN",0.0175,0,6.03,1.17,"2001",4.4,4.5,"Finance"
"131","IBM",0.0558,1,13.63,1.67,"2001",4.4,4.5,"Technology"
"132","ITW",0.0196,0,8.36,-0.52,"2001",4.4,4.5,"Industrials"
"133","INTC",0.0122,0,15.45,-3.16,"2001",4.4,4.5,"Technology"
"134","IP",0.0028,0,7.57,-0.96,"2001",4.4,4.5,"Industrials"
"135","IPG",-0.037,0,10.52,-5.76,"2001",4.4,4.5,"Consumer Discretionary"
"136","IFF",0.0534,1,8.43,3.63,"2001",4.4,4.5,"Industrials"
"137","INTU",0.0325,1,16.03,1.31,"2001",4.4,4.5,"Technology"
"138","ISRG",0.0843,1,42.66,3.86,"2001",4.4,4.5,"Health Care"
"139","IVZ",-0.0014,0,16.22,-5.11,"2001",4.4,4.5,"Finance"
"140","IRM",0.0293,1,7.09,2.44,"2001",4.4,4.5,"Real Estate"
"141","J",0.035,1,9.94,3.44,"2001",4.4,4.5,"Industrials"
"142","JNJ",0.0128,0,6.71,1.14,"2001",4.4,4.5,"Health Care"
"143","JCI",0.0337,1,13.42,-0.73,"2001",4.4,4.5,"Consumer Discretionary"
"144","JPM",0.018,0,12.04,-1.7,"2001",4.4,4.5,"Finance"
"145","K",0.0098,0,5.16,1.42,"2001",4.4,4.5,"Consumer Staples"
"146","KEY",-0.0115,0,5.35,-0.84,"2001",4.4,4.5,"Finance"
"147","KMB",-0.0233,0,7.12,-0.89,"2001",4.4,4.5,"Consumer Discretionary"
"148","KIM",0.017,0,4.19,1.49,"2001",4.4,4.5,"Real Estate"
"149","KLAC",0.0796,1,23.47,1.48,"2001",4.4,4.5,"Technology"
"150","KR",-0.0171,0,7.11,-0.83,"2001",4.4,4.5,"Consumer Staples"
"151","LHX",0.0336,1,9.2,1.48,"2001",4.4,4.5,"Industrials"
"152","LH",0.0244,1,14.38,1.66,"2001",4.4,4.5,"Health Care"
"153","LEN",0.0184,0,11.35,0.59,"2001",4.4,4.5,"Real Estate"
"154","LNC",0.0136,0,5.08,0.25,"2001",4.4,4.5,"Finance"
"155","LIN",0.0088,0,5.37,-0.01,"2001",4.4,4.5,"Industrials"
"156","LMT",0.0225,1,5.34,2.7,"2001",4.4,4.5,"Industrials"
"157","L",-0.0013,0,9.63,-0.55,"2001",4.4,4.5,"Finance"
"158","LOW",0.0552,1,9.17,3.54,"2001",4.4,4.5,"Consumer Discretionary"
"159","LUMN",-0.0122,0,7.64,-0.44,"2001",4.4,4.5,"Telecommunications"
"160","MTB",0.0207,0,4.62,1.41,"2001",4.4,4.5,"Finance"
"161","MRO",0.0148,0,8.94,0.02,"2001",4.4,4.5,"Energy"
"162","MAR",0.0115,0,10.35,-1.83,"2001",4.4,4.5,"Consumer Discretionary"
"163","MMC",-0.0089,0,5.72,-1.35,"2001",4.4,4.5,"Finance"
"164","MAS",-0.0126,0,7.54,-1.67,"2001",4.4,4.5,"Industrials"
"165","MKC",0.0106,0,4.41,2.3,"2001",4.4,4.5,"Consumer Staples"
"166","MCD",-0.0134,0,8.22,-1.7,"2001",4.4,4.5,"Consumer Discretionary"
"167","MCK",0.032,1,9.61,1.36,"2001",4.4,4.5,"Health Care"
"168","MDT",-0.0261,0,5.61,-2.8,"2001",4.4,4.5,"Health Care"
"169","MRK",-0.0302,0,6,-2.73,"2001",4.4,4.5,"Health Care"
"170","MET",-0.014,0,4.57,-1.49,"2001",4.4,4.5,"Finance"
"171","MCHP",0.0828,1,23.93,4.05,"2001",4.4,4.5,"Technology"
"172","MU",0.0093,0,23.43,-3.69,"2001",4.4,4.5,"Technology"
"173","MSFT",0.0772,1,17.1,2.94,"2001",4.4,4.5,"Technology"
"174","TAP",-0.0634,0,6.52,-5.06,"2001",4.4,4.5,"Consumer Staples"
"175","MDLZ",-0.0191,0,3.49,1.7,"2001",4.4,4.5,"Consumer Staples"
"176","MCO",0.0444,1,4.94,3.55,"2001",4.4,4.5,"Finance"
"177","MS",0.0128,0,13.91,-3.22,"2001",4.4,4.5,"Finance"
"178","MSI",0.0185,0,14.48,-1.61,"2001",4.4,4.5,"Technology"
"179","NTAP",-0.0776,0,26.46,-14.94,"2001",4.4,4.5,"Technology"
"180","NWL",0.0106,0,7.73,0.29,"2001",4.4,4.5,"Industrials"
"181","NEM",0.0298,1,9.97,3.8,"2001",4.4,4.5,"Basic Materials"
"182","NEE",-0.0366,0,8.16,-2.06,"2001",4.4,4.5,"Utilities"
"183","NKE",0.0096,0,11.14,-0.73,"2001",4.4,4.5,"Consumer Discretionary"
"184","NI",-0.028,0,7.11,-2.04,"2001",4.4,4.5,"Utilities"
"185","NSC",0.0466,1,12.06,1.91,"2001",4.4,4.5,"Industrials"
"186","NTRS",-0.0272,0,5.56,-4.09,"2001",4.4,4.5,"Finance"
"187","NOC",0.0176,0,9.01,2.48,"2001",4.4,4.5,"Technology"
"188","NLOK",0.1236,1,29.84,3.99,"2001",4.4,4.5,"Technology"
"189","NUE",0.0405,1,11.7,1.35,"2001",4.4,4.5,"Industrials"
"190","NVDA",0.1524,1,31.63,9.2,"2001",4.4,4.5,"Technology"
"191","ORLY",0.041,1,13.06,2.03,"2001",4.4,4.5,"Consumer Discretionary"
"192","OXY",0.0169,0,9.42,0.59,"2001",4.4,4.5,"Energy"
"193","OMC",0.0097,0,9.55,-1.59,"2001",4.4,4.5,"Consumer Discretionary"
"194","OKE",-0.0227,0,5.1,-2.96,"2001",4.4,4.5,"Utilities"
"195","ORCL",-0.0116,0,19.38,-5.23,"2001",4.4,4.5,"Technology"
"196","PCAR",0.0183,0,7.82,0.2,"2001",4.4,4.5,"Consumer Discretionary"
"197","PH",0.0047,0,10.58,-1.89,"2001",4.4,4.5,"Industrials"
"198","PAYX",-0.0252,0,7.5,-3.67,"2001",4.4,4.5,"Consumer Discretionary"
"199","PEP",-0.0065,0,4.77,0.11,"2001",4.4,4.5,"Consumer Staples"
"200","PKI",2e-04,0,18.17,-4.54,"2001",4.4,4.5,"Health Care"
"201","PFE",-0.0039,0,5.13,-0.95,"2001",4.4,4.5,"Health Care"
"202","PNW",-0.0083,0,7.21,-1.05,"2001",4.4,4.5,"Utilities"
"203","PXD",-0.0054,0,12.42,-2.62,"2001",4.4,4.5,"Energy"
"204","PNC",-0.0065,0,5.91,-1.75,"2001",4.4,4.5,"Finance"
"205","PPG",0.0218,0,9.33,0.65,"2001",4.4,4.5,"Consumer Discretionary"
"206","PPL",0.0038,0,14,-1.79,"2001",4.4,4.5,"Utilities"
"207","PG",-0.0055,0,6.82,-0.44,"2001",4.4,4.5,"Consumer Discretionary"
"208","PGR",0.0416,1,7.9,3.27,"2001",4.4,4.5,"Finance"
"209","PLD",0.0019,0,2.82,0.12,"2001",4.4,4.5,"Real Estate"
"210","PEG",-0.0035,0,7.5,-0.25,"2001",4.4,4.5,"Utilities"
"211","PSA",0.0395,1,4.27,3.84,"2001",4.4,4.5,"Real Estate"
"212","PHM",-0.0164,0,12.43,-2.09,"2001",4.4,4.5,"Consumer Discretionary"
"213","PWR",0.0134,0,22,-3.67,"2001",4.4,4.5,"Industrials"
"214","QCOM",0.0032,0,15,-3.32,"2001",4.4,4.5,"Technology"
"215","DGX",0.0165,0,17.94,0,"2001",4.4,4.5,"Health Care"
"216","RL",-0.0019,0,12.3,-1.19,"2001",4.4,4.5,"Consumer Discretionary"
"217","RTX",-0.0175,0,11.65,-3.73,"2001",4.4,4.5,"Industrials"
"218","RF",0.0248,1,5.15,1.15,"2001",4.4,4.5,"Finance"
"219","RSG",-0.0138,0,12.08,0.37,"2001",4.4,4.5,"Utilities"
"220","RHI",0.027,1,12.64,-1.08,"2001",4.4,4.5,"Consumer Discretionary"
"221","ROK",0.01,0,13.41,-1.69,"2001",4.4,4.5,"Industrials"
"222","ROP",0.0322,1,9.82,1.08,"2001",4.4,4.5,"Industrials"
"223","SPGI",0.0189,0,6.36,0.32,"2001",4.4,4.5,"Finance"
"224","SLB",-0.034,0,9.16,-5.52,"2001",4.4,4.5,"Energy"
"225","SEE",0.0335,1,12.16,2.23,"2001",4.4,4.5,"Industrials"
"226","SRE",0.0177,0,8.82,1.66,"2001",4.4,4.5,"Utilities"
"227","SHW",-0.0099,0,6.99,-0.69,"2001",4.4,4.5,"Consumer Discretionary"
"228","SPG",0.0278,1,5.78,1.9,"2001",4.4,4.5,"Real Estate"
"229","SJM",-0.0077,0,4.89,-0.26,"2001",4.4,4.5,"Consumer Staples"
"230","SNA",-0.0055,0,8.37,-1.73,"2001",4.4,4.5,"Consumer Discretionary"
"231","SO",0.0219,1,6.25,2.92,"2001",4.4,4.5,"Utilities"
"232","LUV",-0.0213,0,8.63,-3.77,"2001",4.4,4.5,"Consumer Discretionary"
"233","SWK",0.0377,1,7.91,1.83,"2001",4.4,4.5,"Consumer Discretionary"
"234","SBUX",-0.0129,0,12.7,-2.73,"2001",4.4,4.5,"Consumer Discretionary"
"235","STT",-0.0088,0,8.22,-2.59,"2001",4.4,4.5,"Finance"
"236","SYK",0.0125,0,10.81,1.32,"2001",4.4,4.5,"Health Care"
"237","SYY",-0.0065,0,5.71,-1.03,"2001",4.4,4.5,"Consumer Discretionary"
"238","TROW",-0.0068,0,9.21,-2.86,"2001",4.4,4.5,"Finance"
"239","TPR",0.043,1,15.28,0.22,"2001",4.4,4.5,"Consumer Discretionary"
"240","TGT",0.0175,0,8.83,-0.18,"2001",4.4,4.5,"Consumer Discretionary"
"241","TXN",-0.0109,0,16.28,-4.67,"2001",4.4,4.5,"Technology"
"242","TXT",-0.0065,0,13.14,-2.07,"2001",4.4,4.5,"Industrials"
"243","TMO",-0.0076,0,12.28,-3.64,"2001",4.4,4.5,"Industrials"
"244","TJX",0.0291,1,5.95,2.1,"2001",4.4,4.5,"Consumer Discretionary"
"245","TT",0.015,0,11.27,-1.43,"2001",4.4,4.5,"Industrials"
"246","TRV",-0.0167,0,6.62,-2.01,"2001",4.4,4.5,"Finance"
"247","TFC",0.0073,0,1.61,0.32,"2001",4.4,4.5,"Finance"
"248","TSN",0.0074,0,12.14,-0.54,"2001",4.4,4.5,"Consumer Staples"
"249","USB",-0.0013,0,4.75,-0.1,"2001",4.4,4.5,"Finance"
"250","UNP",-0.0032,0,4.78,-0.86,"2001",4.4,4.5,"Industrials"
"251","UPS",0.0043,0,5.09,-0.85,"2001",4.4,4.5,"Consumer Discretionary"
"252","UNH",0.0158,0,6.87,1.5,"2001",4.4,4.5,"Health Care"
"253","VLO",0.0287,1,15.78,1.04,"2001",4.4,4.5,"Energy"
"254","VRSN",0.0565,1,23.76,-1.17,"2001",4.4,4.5,"Technology"
"255","VZ",0.0313,1,7.31,1.42,"2001",4.4,4.5,"Telecommunications"
"256","VFC",0.0012,0,8.44,-1.52,"2001",4.4,4.5,"Consumer Discretionary"
"257","VTRS",0.0385,1,10.16,3.66,"2001",4.4,4.5,"Consumer Discretionary"
"258","VNO",0.0066,0,3.81,0.88,"2001",4.4,4.5,"Real Estate"
"259","VMC",0.0014,0,8.46,-0.36,"2001",4.4,4.5,"Basic Materials"
"260","WBA",-0.0142,0,6.53,-1.45,"2001",4.4,4.5,"Consumer Staples"
"261","WMT",0.0091,0,8.33,-0.43,"2001",4.4,4.5,"Consumer Discretionary"
"262","WM",0.0015,0,8.28,0.12,"2001",4.4,4.5,"Utilities"
"263","WAT",-0.0483,0,18.53,-5.97,"2001",4.4,4.5,"Health Care"
"264","WEC",3e-04,0,7,0.76,"2001",4.4,4.5,"Utilities"
"265","WFC",-0.0196,0,2.1,-1.74,"2001",4.4,4.5,"Finance"
"266","WELL",0.0708,1,6.81,5.66,"2001",4.4,4.5,"Real Estate"
"267","WDC",0.1612,1,45.58,6.65,"2001",4.4,4.5,"Technology"
"268","WY",0.0168,0,7.57,-0.1,"2001",4.4,4.5,"Real Estate"
"269","WHR",0.0443,1,9.99,1.97,"2001",4.4,4.5,"Consumer Discretionary"
"270","WMB",-0.0117,0,8.45,-2.04,"2001",4.4,4.5,"Utilities"
"271","WTW",-0.0339,0,10.85,7.24,"2001",4.4,4.5,"Finance"
"272","GWW",0.0373,1,9.05,1.2,"2001",4.4,4.5,"Consumer Discretionary"
"273","XEL",-0.0083,0,6.46,0.48,"2001",4.4,4.5,"Utilities"
"274","YUM",0.0408,1,8.33,2.08,"2001",4.4,4.5,"Consumer Discretionary"
"275","ZBH",-0.0163,0,3.53,-1.37,"2001",4.4,4.5,"Health Care"
"276","ZION",-0.009,0,5.46,-1.07,"2001",4.4,4.5,"Finance"
"277","GPS",0.0098,0,20.47,-5.2,"2001",4.4,4.5,"Consumer Discretionary"
"278","LEG",0.0393,1,10.2,1.55,"2001",4.4,4.5,"Consumer Discretionary"
"279","UNM",0.0191,0,9.38,0.25,"2001",4.4,4.5,"Finance"
"280","NOV",-0.0767,0,12.26,-8.91,"2001",4.4,4.5,"Industrials"
"281","FLS",0.034,1,13.9,0.43,"2001",4.4,4.5,"Industrials"
"282","XRX",0.1462,1,28.23,6.92,"2001",4.4,4.5,"Technology"
"283","AIV",-0.0033,0,4.47,-0.34,"2001",4.4,4.5,"Real Estate"
"284","HRB",0.0763,1,4.28,7.35,"2001",4.4,4.5,"Consumer Discretionary"
"285","KSS",0.0051,0,9.04,-1.6,"2001",4.4,4.5,"Consumer Discretionary"
"286","HOG",0.0559,1,12.66,1.68,"2001",4.4,4.5,"Consumer Discretionary"
"287","JWN",0.0231,1,14.32,-1.37,"2001",4.4,4.5,"Consumer Discretionary"
"288","M",0.0199,0,14.21,-0.92,"2001",4.4,4.5,"Consumer Discretionary"
"289","JEF",-0.0119,0,3.08,-1.26,"2001",4.4,4.5,"Finance"
"290","MAT",0.0114,0,8.75,1.46,"2001",4.4,4.5,"Consumer Discretionary"
"291","FLR",0.0239,1,15.31,2.49,"2001",4.4,4.5,"Industrials"
"292","GT",0.017,0,12.88,-1.27,"2001",4.4,4.5,"Consumer Discretionary"
"293","PCG",-0.0252,0,19.79,-0.73,"2001",4.4,4.5,"Utilities"
"294","AET",-0.0428,0,10.5,-2.61,"2001",4.4,4.5,"Utilities"
"295","SRCL",0.0075,0,10.61,2.33,"2001",4.4,4.5,"Utilities"
"296","EQT",0.0014,0,11.1,-0.34,"2001",4.4,4.5,"Energy"
"297","PDCO",0.0064,0,5.89,1.29,"2001",4.4,4.5,"Health Care"
"298","DD",0.0085,0,5.64,-0.22,"2001",4.4,4.5,"Consumer Discretionary"
"299","AN",0.0966,1,15.3,6.08,"2001",4.4,4.5,"Consumer Discretionary"
"300","BBBY",0.0547,1,11.39,2.07,"2001",4.4,4.5,"Consumer Discretionary"
"301","MUR",0.0302,1,9.62,2.17,"2001",4.4,4.5,"Energy"
"302","R",0.0499,1,12.8,2.93,"2001",4.4,4.5,"Consumer Discretionary"
"303","TGNA",0.0073,0,5.4,-0.3,"2001",4.4,4.5,"Industrials"
"304","SWN",0.045,1,15.2,2.86,"2001",4.4,4.5,"Energy"
"305","URBN",0.0733,1,23.52,6.04,"2001",4.4,4.5,"Consumer Discretionary"
"306","PBI",0.0316,1,6.88,1.93,"2001",4.4,4.5,"Consumer Discretionary"
"307","AA",0.0284,1,9.87,0.14,"2001",4.4,4.5,"Industrials"
"308","THC",0.0296,1,5.27,3.27,"2001",4.4,4.5,"Health Care"
"309","CNX",-0.0085,0,13.51,-0.62,"2001",4.4,4.5,"Energy"
"310","ATI",0.0149,0,12.31,-0.56,"2001",4.4,4.5,"Industrials"
"311","NBR",-0.0655,0,12.5,-8.87,"2001",4.4,4.5,"Energy"
"312","JBL",0.1033,1,30.75,1.03,"2001",4.4,4.5,"Technology"
"313","GHC",-0.0135,0,4.38,-1.59,"2001",4.4,4.5,"Consumer Discretionary"
"314","X",0.0187,0,13.69,-0.6,"2001",4.4,4.5,"Industrials"
"315","IGT",0.0015,0,11.38,-0.89,"2001",4.4,4.5,"Consumer Discretionary"
"316","LSI",0.042,1,5.71,4.2,"2001",4.4,4.5,"Real Estate"
"317","SLM",0.0216,0,5.69,3.14,"2001",4.4,4.5,"Finance"
"318","ANF",0.0891,1,29.41,2.91,"2001",4.4,4.5,"Consumer Discretionary"
"319","TER",0.0049,0,18.67,-4.53,"2001",4.4,4.5,"Industrials"
"320","AMD",0.0538,1,32.89,-1.3,"2001",4.4,4.5,"Technology"
"321","FHN",0.0425,1,7.75,3.17,"2001",4.4,4.5,"Finance"
"322","BIG",0.0246,1,19.51,-1.02,"2001",4.4,4.5,"Consumer Discretionary"
"323","EP",0.0546,1,39.48,-4.55,"2001",4.4,4.5,"Energy"
"324","ITT",0.0326,1,5.93,1.9,"2001",4.4,4.5,"Industrials"
"325","ODP",0.1056,1,14.13,7.63,"2001",4.4,4.5,"Miscellaneous"
"326","NYT",0.0177,0,7.28,0.28,"2001",4.4,4.5,"Consumer Discretionary"
"327","CIEN",-0.0409,0,29.27,-13.17,"2001",4.4,4.5,"Utilities"
"328","MMM",0.0039,0,7.58,-1.13,"2007",1.5,6.7,"Industrials"
"329","AOS",0.0241,1,11.23,0.59,"2007",1.5,6.7,"Industrials"
"330","ABT",-5e-04,0,6.16,-0.52,"2007",1.5,6.7,"Health Care"
"331","ACN",0.0151,0,6.44,0.17,"2007",1.5,6.7,"Technology"
"332","ATVI",0.0199,0,12.48,0.85,"2007",1.5,6.7,"Consumer Discretionary"
"333","AYI",0.0258,1,15.06,-0.49,"2007",1.5,6.7,"Consumer Discretionary"
"334","ADBE",0.0316,1,15.02,-1,"2007",1.5,6.7,"Technology"
"335","AAP",0.0266,1,9.03,1.24,"2007",1.5,6.7,"Consumer Discretionary"
"336","AMD",0.0195,0,23.43,-2.4,"2007",1.5,6.7,"Technology"
"337","AES",0.0167,0,16.82,-1.99,"2007",1.5,6.7,"Utilities"
"338","AET",-0.0033,0,14.89,-3.09,"2007",1.5,6.7,"Utilities"
"339","AMG",0.0354,1,21.75,-1.54,"2007",1.5,6.7,"Finance"
"340","AFL",0.0333,1,20.19,-1.18,"2007",1.5,6.7,"Finance"
"341","A",0.0053,0,13.84,-2.25,"2007",1.5,6.7,"Industrials"
"342","APD",0.0146,0,11.14,-1.3,"2007",1.5,6.7,"Industrials"
"343","AKAM",0.0023,0,18.44,-1.68,"2007",1.5,6.7,"Consumer Discretionary"
"344","ALK",-0.0045,0,15,-0.45,"2007",1.5,6.7,"Consumer Discretionary"
"345","ALB",0.0128,0,12.76,-1.93,"2007",1.5,6.7,"Industrials"
"346","ARE",-0.0015,0,17.52,-3.21,"2007",1.5,6.7,"Real Estate"
"347","ALGN",0.0523,1,21.73,0.05,"2007",1.5,6.7,"Health Care"
"348","LNT",-0.0044,0,8.19,-1.7,"2007",1.5,6.7,"Utilities"
"349","ALL",0.0248,1,17.14,-1.86,"2007",1.5,6.7,"Finance"
"350","GOOGL",0.0043,0,12.29,-1.77,"2007",1.5,6.7,"Technology"
"351","GOOG",0.0043,0,12.29,-1.77,"2007",1.5,6.7,"Technology"
"352","MO",-0.0046,0,6.58,-1.16,"2007",1.5,6.7,"Consumer Discretionary"
"353","AMZN",0.0271,1,13.3,0.41,"2007",1.5,6.7,"Consumer Discretionary"
"354","AEE",-0.0136,0,9.31,-2.95,"2007",1.5,6.7,"Utilities"
"355","AAL",-0.0105,0,44.65,-2.6,"2007",1.5,6.7,"Consumer Discretionary"
"356","AEP",-0.0093,0,6.1,-2.05,"2007",1.5,6.7,"Utilities"
"357","AXP",0.0292,1,24.41,-2.25,"2007",1.5,6.7,"Finance"
"358","AIG",0.0264,1,45.1,-7.23,"2007",1.5,6.7,"Finance"
"359","AMT",0.0012,0,7.43,-1.46,"2007",1.5,6.7,"Finance"
"360","AWK",0.0078,0,8.54,0.15,"2007",1.5,6.7,"Utilities"
"361","AMP",0.0216,0,18.56,-2.61,"2007",1.5,6.7,"Finance"
"362","ABC",0.0079,0,7.43,-0.69,"2007",1.5,6.7,"Health Care"
"363","AME",0.0134,0,10.16,-0.81,"2007",1.5,6.7,"Consumer Discretionary"
"364","AMGN",0.0074,0,9.92,0.23,"2007",1.5,6.7,"Health Care"
"365","APH",0.0211,0,12.81,-0.88,"2007",1.5,6.7,"Technology"
"366","ADI",0.0213,0,10.53,-0.3,"2007",1.5,6.7,"Technology"
"367","ANSS",0.0301,1,13.08,-0.34,"2007",1.5,6.7,"Technology"
"368","AON",-0.0017,0,7.74,-1.05,"2007",1.5,6.7,"Finance"
"369","APA",0.0183,0,12.78,-0.62,"2007",1.5,6.7,"Energy"
"370","AIV",0.0323,1,22,-2.39,"2007",1.5,6.7,"Real Estate"
"371","AAPL",0.0318,1,15.46,0.04,"2007",1.5,6.7,"Technology"
"372","AMAT",8e-04,0,10.22,-1.94,"2007",1.5,6.7,"Technology"
"373","ADM",-6e-04,0,13.52,-0.53,"2007",1.5,6.7,"Consumer Staples"
"374","AJG",0.0251,1,12.08,0.17,"2007",1.5,6.7,"Finance"
"375","AIZ",0.0081,0,17.33,-3.11,"2007",1.5,6.7,"Finance"
"376","T",-0.0017,0,7.52,-1.36,"2007",1.5,6.7,"Consumer Discretionary"
"377","ADSK",0.0232,0,18.67,-2.84,"2007",1.5,6.7,"Technology"
"378","ADP",0.0043,0,7.6,-0.74,"2007",1.5,6.7,"Consumer Discretionary"
"379","AZO",0.0322,1,9.59,2.23,"2007",1.5,6.7,"Consumer Discretionary"
"380","AVB",0.0159,0,11.8,-1.63,"2007",1.5,6.7,"Real Estate"
"381","AVY",0.0092,0,12.84,-2.4,"2007",1.5,6.7,"Miscellaneous"
"382","BAC",0.0536,1,30.4,-1.4,"2007",1.5,6.7,"Finance"
"383","BAX",0.0046,0,6.42,-0.21,"2007",1.5,6.7,"Health Care"
"384","BDX",0.0113,0,8.04,-0.19,"2007",1.5,6.7,"Health Care"
"385","BBY",0.0222,0,16.03,-0.89,"2007",1.5,6.7,"Consumer Discretionary"
"386","BIIB",-0.0066,0,12.62,-1.52,"2007",1.5,6.7,"Health Care"
"387","BLK",0.0479,1,16.04,0.65,"2007",1.5,6.7,"Finance"
"388","HRB",0.0052,0,9.8,-0.41,"2007",1.5,6.7,"Consumer Discretionary"
"389","BA",-0.0023,0,11.59,-3.07,"2007",1.5,6.7,"Industrials"
"390","BWA",0.0362,1,16.69,-0.5,"2007",1.5,6.7,"Consumer Discretionary"
"391","BXP",0.0128,0,14.7,-2.16,"2007",1.5,6.7,"Real Estate"
"392","BSX",0.027,1,14.39,-0.09,"2007",1.5,6.7,"Health Care"
"393","BMY",0.001,0,8.79,-1.09,"2007",1.5,6.7,"Health Care"
"394","CHRW",0.0263,1,9.74,0.77,"2007",1.5,6.7,"Consumer Discretionary"
"395","CDNS",-0.0012,0,17.64,-3.32,"2007",1.5,6.7,"Technology"
"396","CPB",1e-04,0,6.91,-0.65,"2007",1.5,6.7,"Consumer Staples"
"397","COF",0.0279,1,22.1,-1.44,"2007",1.5,6.7,"Finance"
"398","CAH",-0.0116,0,9.32,-2.86,"2007",1.5,6.7,"Health Care"
"399","KMX",0.0147,0,17.19,-0.94,"2007",1.5,6.7,"Consumer Discretionary"
"400","CCL",0.013,0,13.48,-1.64,"2007",1.5,6.7,"Consumer Discretionary"
"401","CAT",0.0163,0,15.12,-2.32,"2007",1.5,6.7,"Industrials"
"402","CNC",0.0245,1,16.02,0.11,"2007",1.5,6.7,"Health Care"
"403","CNP",3e-04,0,9.63,-1.54,"2007",1.5,6.7,"Utilities"
"404","CF",0.0255,1,18.54,0.58,"2007",1.5,6.7,"Industrials"
"405","SCHW",0.0222,0,12.63,-0.68,"2007",1.5,6.7,"Finance"
"406","CVX",0.0039,0,7.74,-0.88,"2007",1.5,6.7,"Energy"
"407","CMG",0.0073,0,15.49,-1.55,"2007",1.5,6.7,"Consumer Discretionary"
"408","CB",0.004,0,8.61,-1.07,"2007",1.5,6.7,"Finance"
"409","CHD",0.0094,0,5.77,0.1,"2007",1.5,6.7,"Consumer Discretionary"
"410","CI",0.0228,0,18.92,-2.16,"2007",1.5,6.7,"Health Care"
"411","CINF",-0.0037,0,10.41,-1.94,"2007",1.5,6.7,"Finance"
"412","CTAS",0.0074,0,8.86,-1.12,"2007",1.5,6.7,"Consumer Discretionary"
"413","CSCO",0.0089,0,9.1,-1.54,"2007",1.5,6.7,"Telecommunications"
"414","C",-0.0047,0,29.09,-7.24,"2007",1.5,6.7,"Finance"
"415","CTXS",0.02,0,11.28,-0.14,"2007",1.5,6.7,"Technology"
"416","CME",0.0057,0,17.82,-2.22,"2007",1.5,6.7,"Finance"
"417","CMS",-9e-04,0,8.12,-1.28,"2007",1.5,6.7,"Utilities"
"418","KO",0.0033,0,6.68,-0.86,"2007",1.5,6.7,"Consumer Staples"
"419","CTSH",0.0233,0,11.46,-0.12,"2007",1.5,6.7,"Technology"
"420","CL",0.0099,0,6.83,-0.16,"2007",1.5,6.7,"Consumer Discretionary"
"421","CMCSA",0.0048,0,10.1,-1.4,"2007",1.5,6.7,"Consumer Discretionary"
"422","CMA",5e-04,0,13.77,-2.48,"2007",1.5,6.7,"Finance"
"423","CAG",0.0147,0,9.45,-0.51,"2007",1.5,6.7,"Consumer Staples"
"424","COP",0.0014,0,11.22,-2.44,"2007",1.5,6.7,"Energy"
"425","ED",-0.0029,0,5.63,-0.75,"2007",1.5,6.7,"Utilities"
"426","STZ",-0.0017,0,13.25,-2.34,"2007",1.5,6.7,"Consumer Staples"
"427","GLW",0.0202,0,13.59,-1.1,"2007",1.5,6.7,"Technology"
"428","COST",9e-04,0,7.3,-1.58,"2007",1.5,6.7,"Consumer Discretionary"
"429","CCI",0.0182,0,15.55,-1.73,"2007",1.5,6.7,"Real Estate"
"430","CSX",0.026,1,11.77,-0.07,"2007",1.5,6.7,"Industrials"
"431","CMI",0.0465,1,19.47,-0.48,"2007",1.5,6.7,"Industrials"
"432","CVS",0.0059,0,6.59,-0.87,"2007",1.5,6.7,"Health Care"
"433","DHI",0.0298,1,21.64,1.15,"2007",1.5,6.7,"Consumer Discretionary"
"434","DHR",0.0048,0,7.1,-1.38,"2007",1.5,6.7,"Health Care"
"435","DRI",0.0313,1,18.02,0.79,"2007",1.5,6.7,"Consumer Discretionary"
"436","DVA",-0.0056,0,5.88,-1.01,"2007",1.5,6.7,"Health Care"
"437","DE",0.0106,0,13.58,-2.74,"2007",1.5,6.7,"Industrials"
"438","DAL",-0.0312,0,23.96,-3.44,"2007",1.5,6.7,"Consumer Discretionary"
"439","XRAY",0.0127,0,9.24,-1.17,"2007",1.5,6.7,"Health Care"
"440","DVN",0.0125,0,13.5,-1.14,"2007",1.5,6.7,"Energy"
"441","DLR",0.0307,1,11.11,0.52,"2007",1.5,6.7,"Real Estate"
"442","DFS",0.0292,1,16.03,-0.84,"2007",1.5,6.7,"Finance"
"443","DISH",2e-04,0,15.56,-3.23,"2007",1.5,6.7,"Consumer Discretionary"
"444","DLTR",0.0314,1,9.22,2.38,"2007",1.5,6.7,"Consumer Discretionary"
"445","D",5e-04,0,6.59,-1.2,"2007",1.5,6.7,"Utilities"
"446","DOV",0.0236,0,11.35,-0.78,"2007",1.5,6.7,"Industrials"
"447","DTE",0.0025,0,7.93,-1.37,"2007",1.5,6.7,"Utilities"
"448","DUK",-0.002,0,4.4,-1.08,"2007",1.5,6.7,"Utilities"
"449","DRE",0.0315,1,26.01,-2.1,"2007",1.5,6.7,"Real Estate"
"450","DXC",0.021,0,11.6,-0.26,"2007",1.5,6.7,"Technology"
"451","EMN",0.0401,1,18.3,-0.74,"2007",1.5,6.7,"Industrials"
"452","ETN",0.0053,0,12.12,-2.41,"2007",1.5,6.7,"Industrials"
"453","EBAY",0.0147,0,13.97,-2.37,"2007",1.5,6.7,"Consumer Discretionary"
"454","ECL",0.0082,0,7.91,-0.81,"2007",1.5,6.7,"Consumer Discretionary"
"455","EIX",-0.01,0,6.66,-2.42,"2007",1.5,6.7,"Utilities"
"456","EW",0.0316,1,7.76,1.95,"2007",1.5,6.7,"Health Care"
"457","EA",-0.0067,0,14.18,-3.91,"2007",1.5,6.7,"Consumer Discretionary"
"458","EMR",0.004,0,10.42,-2.06,"2007",1.5,6.7,"Industrials"
"459","ETR",-0.0027,0,8.32,-1.62,"2007",1.5,6.7,"Utilities"
"460","EOG",0.019,0,15.2,0.04,"2007",1.5,6.7,"Energy"
"461","EQT",3e-04,0,10.51,-1.37,"2007",1.5,6.7,"Energy"
"462","EFX",0.0133,0,9.89,-1.23,"2007",1.5,6.7,"Finance"
"463","EQIX",0.0281,1,16.35,-0.88,"2007",1.5,6.7,"Real Estate"
"464","EQR",0.0151,0,12.53,-1.35,"2007",1.5,6.7,"Real Estate"
"465","ESS",0.0044,0,9.82,-1.65,"2007",1.5,6.7,"Real Estate"
"466","EL",0.0268,1,12.2,-0.5,"2007",1.5,6.7,"Consumer Discretionary"
"467","RE",-0.0063,0,7.02,-1.56,"2007",1.5,6.7,"Finance"
"468","ES",-0.0046,0,5.77,-1.4,"2007",1.5,6.7,"Utilities"
"469","EXC",-0.0079,0,7.41,-2.02,"2007",1.5,6.7,"Utilities"
"470","EXPE",0.0297,1,19.83,-1.92,"2007",1.5,6.7,"Consumer Discretionary"
"471","EXPD",0.0028,0,10,-1.11,"2007",1.5,6.7,"Consumer Discretionary"
"472","EXR",0.0221,0,14.75,-1.04,"2007",1.5,6.7,"Real Estate"
"473","XOM",-0.0023,0,5.59,-0.9,"2007",1.5,6.7,"Energy"
"474","FFIV",0.0568,1,16.78,2.72,"2007",1.5,6.7,"Technology"
"475","FAST",0.017,0,9.94,-0.29,"2007",1.5,6.7,"Basic Materials"
"476","FRT",0.0169,0,12.56,-1.3,"2007",1.5,6.7,"Real Estate"
"477","FDX",-2e-04,0,10.79,-2.28,"2007",1.5,6.7,"Consumer Discretionary"
"478","FIS",0.005,0,9.43,-0.45,"2007",1.5,6.7,"Consumer Discretionary"
"479","FITB",0.0512,1,31.83,-1.3,"2007",1.5,6.7,"Finance"
"480","FE",-0.0128,0,9.49,-2.18,"2007",1.5,6.7,"Utilities"
"481","FISV",0.0254,1,10.71,-0.03,"2007",1.5,6.7,"Consumer Discretionary"
"482","FLS",0.0386,1,16.65,0.22,"2007",1.5,6.7,"Industrials"
"483","FLR",0.0266,1,15.51,-0.55,"2007",1.5,6.7,"Industrials"
"484","FMC",0.0225,0,11.28,0,"2007",1.5,6.7,"Industrials"
"485","FL",0.0362,1,17.37,1.18,"2007",1.5,6.7,"Consumer Discretionary"
"486","F",0.111,1,37.31,4.13,"2007",1.5,6.7,"Consumer Discretionary"
"487","BEN",0.0134,0,11.88,-1.87,"2007",1.5,6.7,"Finance"
"488","FCX",0.0283,1,19.85,-1.07,"2007",1.5,6.7,"Basic Materials"
"489","GPS",0.0292,1,12.56,-0.21,"2007",1.5,6.7,"Consumer Discretionary"
"490","GRMN",-0.0284,0,16.9,-5.76,"2007",1.5,6.7,"Industrials"
"491","IT",0.043,1,16.49,0.4,"2007",1.5,6.7,"Finance"
"492","GD",0.0152,0,11.9,-1.47,"2007",1.5,6.7,"Industrials"
"493","GE",-0.0093,0,14,-4.39,"2007",1.5,6.7,"Consumer Discretionary"
"494","GIS",0.0051,0,5.3,-0.02,"2007",1.5,6.7,"Consumer Staples"
"495","GPC",0.0034,0,6.94,-1.27,"2007",1.5,6.7,"Consumer Discretionary"
"496","GILD",0.0117,0,6.81,0.38,"2007",1.5,6.7,"Health Care"
"497","GPN",0.0136,0,9.15,-0.23,"2007",1.5,6.7,"Consumer Discretionary"
"498","GS",0.0177,0,13.61,-1.18,"2007",1.5,6.7,"Finance"
"499","GT",0.0497,1,26.28,-1.74,"2007",1.5,6.7,"Consumer Discretionary"
"500","GWW",0.025,1,9.13,0.29,"2007",1.5,6.7,"Consumer Discretionary"
"501","HAL",0.0195,0,16.08,-1.46,"2007",1.5,6.7,"Energy"
"502","HBI",0.049,1,24.38,-0.89,"2007",1.5,6.7,"Consumer Discretionary"
"503","HOG",0.0284,1,23.11,-2.62,"2007",1.5,6.7,"Consumer Discretionary"
"504","HIG",0.0547,1,35.99,-2.85,"2007",1.5,6.7,"Finance"
"505","HAS",0.0225,0,10.31,0.16,"2007",1.5,6.7,"Consumer Discretionary"
"506","HP",0.0328,1,16.4,0.73,"2007",1.5,6.7,"Energy"
"507","HSIC",0.0112,0,8.5,-0.61,"2007",1.5,6.7,"Health Care"
"508","HES",0.0194,0,15.84,-0.43,"2007",1.5,6.7,"Energy"
"509","HOLX",-0.0088,0,13.84,-3.25,"2007",1.5,6.7,"Health Care"
"510","HD",0.0114,0,9.12,-0.23,"2007",1.5,6.7,"Consumer Discretionary"
"511","HON",0.0075,0,11.02,-2.12,"2007",1.5,6.7,"Industrials"
"512","HRL",0.0092,0,8.06,-0.19,"2007",1.5,6.7,"Consumer Staples"
"513","HST",0.0494,1,27.5,-1.22,"2007",1.5,6.7,"Real Estate"
"514","HPQ",0.0125,0,9.02,-0.88,"2007",1.5,6.7,"Technology"
"515","HUM",0.0032,0,16.88,-3.03,"2007",1.5,6.7,"Health Care"
"516","HBAN",0.0373,1,29.54,-1.29,"2007",1.5,6.7,"Finance"
"517","IDXX",0.0265,1,12.43,-0.53,"2007",1.5,6.7,"Health Care"
"518","ITW",0.0144,0,9.95,-1.13,"2007",1.5,6.7,"Industrials"
"519","ILMN",0.0374,1,12.45,2.38,"2007",1.5,6.7,"Health Care"
"520","INCY",0.0176,0,20.67,-2.77,"2007",1.5,6.7,"Health Care"
"521","INTC",0.0074,0,10.07,-1.71,"2007",1.5,6.7,"Technology"
"522","ICE",0.0312,1,17.53,-0.17,"2007",1.5,6.7,"Finance"
"523","IBM",0.0193,0,7.57,0.44,"2007",1.5,6.7,"Technology"
"524","IP",0.0481,1,25.37,-1.31,"2007",1.5,6.7,"Industrials"
"525","IPG",0.0168,0,18.28,-1.74,"2007",1.5,6.7,"Consumer Discretionary"
"526","IFF",0.0019,0,7.46,-1.62,"2007",1.5,6.7,"Industrials"
"527","INTU",0.0207,0,10.48,0.35,"2007",1.5,6.7,"Technology"
"528","ISRG",0.02,0,18.36,-2.11,"2007",1.5,6.7,"Health Care"
"529","IVZ",0.0262,1,13.98,-1.05,"2007",1.5,6.7,"Finance"
"530","IRM",0.023,0,12.58,-0.43,"2007",1.5,6.7,"Real Estate"
"531","JBHT",0.0406,1,10.73,1.51,"2007",1.5,6.7,"Industrials"
"532","SJM",0.0299,1,11.26,1.33,"2007",1.5,6.7,"Consumer Staples"
"533","JNJ",0.0082,0,5.42,-0.52,"2007",1.5,6.7,"Health Care"
"534","JCI",0.0165,0,12.1,-1.24,"2007",1.5,6.7,"Consumer Discretionary"
"535","JPM",0.025,1,14.89,-0.09,"2007",1.5,6.7,"Finance"
"536","JNPR",0.0323,1,15.46,-0.26,"2007",1.5,6.7,"Technology"
"537","K",0.0111,0,7.7,-0.25,"2007",1.5,6.7,"Consumer Staples"
"538","KEY",-0.058,0,15.16,-6.35,"2007",1.5,6.7,"Finance"
"539","KMB",-0.0012,0,4.86,-0.93,"2007",1.5,6.7,"Consumer Discretionary"
"540","KIM",0.0162,0,24.93,-3.48,"2007",1.5,6.7,"Real Estate"
"541","KLAC",0.0188,0,15.52,-2.15,"2007",1.5,6.7,"Technology"
"542","KSS",0.0223,0,10.72,-0.11,"2007",1.5,6.7,"Consumer Discretionary"
"543","KR",-0.0044,0,5.45,-1.12,"2007",1.5,6.7,"Consumer Staples"
"544","LH",0.0124,0,6.45,-0.15,"2007",1.5,6.7,"Health Care"
"545","LRCX",0.0064,0,11.81,-2.35,"2007",1.5,6.7,"Technology"
"546","LEG",0.0267,1,12.64,-0.13,"2007",1.5,6.7,"Consumer Discretionary"
"547","LEN",0.0292,1,17.79,-0.82,"2007",1.5,6.7,"Real Estate"
"548","LLY",0.0079,0,9.53,-1.3,"2007",1.5,6.7,"Health Care"
"549","LNC",0.0581,1,31.8,-1.52,"2007",1.5,6.7,"Finance"
"550","LKQ",0.0207,0,13.86,-0.06,"2007",1.5,6.7,"Consumer Discretionary"
"551","LMT",0.0197,0,10.31,-0.8,"2007",1.5,6.7,"Industrials"
"552","L",0.0068,0,10.73,-2.17,"2007",1.5,6.7,"Finance"
"553","LOW",0.0168,0,11.61,-0.38,"2007",1.5,6.7,"Consumer Discretionary"
"554","MTB",0.0069,0,14.95,-1.46,"2007",1.5,6.7,"Finance"
"555","MAC",0.0888,1,48.68,0.94,"2007",1.5,6.7,"Real Estate"
"556","M",0.0251,1,22.27,-2.21,"2007",1.5,6.7,"Consumer Discretionary"
"557","MRO",0.0028,0,12.28,-2.36,"2007",1.5,6.7,"Energy"
"558","MAR",0.0222,0,15.43,-1.49,"2007",1.5,6.7,"Consumer Discretionary"
"559","MMC",0.0119,0,9.39,-0.44,"2007",1.5,6.7,"Finance"
"560","MLM",3e-04,0,10.33,-2.02,"2007",1.5,6.7,"Industrials"
"561","MAS",0.0358,1,20.36,-1.77,"2007",1.5,6.7,"Industrials"
"562","MA",0.0184,0,12.66,-0.16,"2007",1.5,6.7,"Consumer Discretionary"
"563","MAT",0.0265,1,13.15,0.04,"2007",1.5,6.7,"Consumer Discretionary"
"564","MKC",0.0071,0,6.92,-0.35,"2007",1.5,6.7,"Consumer Staples"
"565","MCD",0.0127,0,5.64,0.16,"2007",1.5,6.7,"Consumer Discretionary"
"566","MCK",0.0024,0,10.93,-1.32,"2007",1.5,6.7,"Health Care"
"567","MDT",0.0044,0,9,-1.4,"2007",1.5,6.7,"Health Care"
"568","MRK",-0.0135,0,10.42,-2.92,"2007",1.5,6.7,"Health Care"
"569","MET",0.0245,1,17.56,-2.22,"2007",1.5,6.7,"Finance"
"570","MTD",0.0082,0,11.75,-1.47,"2007",1.5,6.7,"Health Care"
"571","MGM",0.0885,1,66.23,-2.23,"2007",1.5,6.7,"Consumer Discretionary"
"572","MCHP",0.017,0,9.88,-0.52,"2007",1.5,6.7,"Technology"
"573","MU",0.0124,0,20.72,-0.42,"2007",1.5,6.7,"Technology"
"574","MSFT",0.0104,0,9.23,-1.11,"2007",1.5,6.7,"Technology"
"575","MAA",0.0258,1,12.58,-0.16,"2007",1.5,6.7,"Real Estate"
"576","MHK",0.0415,1,24.55,-1.29,"2007",1.5,6.7,"Consumer Discretionary"
"577","TAP",0.0134,0,12.08,-0.47,"2007",1.5,6.7,"Consumer Staples"
"578","MDLZ",0.0053,0,8.03,-0.87,"2007",1.5,6.7,"Consumer Staples"
"579","MNST",-0.0031,0,12.61,-1.1,"2007",1.5,6.7,"Consumer Staples"
"580","MCO",0.0265,1,14.24,-0.65,"2007",1.5,6.7,"Finance"
"581","MS",0.0194,0,17.55,-1.16,"2007",1.5,6.7,"Finance"
"582","MSI",0.0183,0,17.23,-2.75,"2007",1.5,6.7,"Technology"
"583","NDAQ",-0.0155,0,12.79,-2.8,"2007",1.5,6.7,"Finance"
"584","NOV",0.0071,0,17.06,-2.35,"2007",1.5,6.7,"Industrials"
"585","NTAP",0.0308,1,13.61,-0.23,"2007",1.5,6.7,"Technology"
"586","NFLX",0.0516,1,14.17,3.84,"2007",1.5,6.7,"Consumer Discretionary"
"587","NWL",0.013,0,19.94,-2.79,"2007",1.5,6.7,"Industrials"
"588","NEM",0.0124,0,14.56,0.24,"2007",1.5,6.7,"Basic Materials"
"589","NEE",0.0079,0,6.86,-0.64,"2007",1.5,6.7,"Utilities"
"590","NKE",0.0103,0,8.94,-0.82,"2007",1.5,6.7,"Consumer Discretionary"
"591","NI",0.002,0,7.75,-1.62,"2007",1.5,6.7,"Utilities"
"592","JWN",0.0283,1,17.76,-0.97,"2007",1.5,6.7,"Consumer Discretionary"
"593","NSC",0.0138,0,10.19,-0.84,"2007",1.5,6.7,"Industrials"
"594","NTRS",0.0037,0,10.45,-1.37,"2007",1.5,6.7,"Finance"
"595","NOC",0.0037,0,10.31,-2.11,"2007",1.5,6.7,"Technology"
"596","NRG",-7e-04,0,12.85,-1.88,"2007",1.5,6.7,"Utilities"
"597","NUE",0.0201,0,13.65,-0.08,"2007",1.5,6.7,"Industrials"
"598","NVDA",-0.008,0,16.84,-3.72,"2007",1.5,6.7,"Technology"
"599","ORLY",0.0209,0,9.85,1.22,"2007",1.5,6.7,"Consumer Discretionary"
"600","OXY",0.0275,1,10.94,0.41,"2007",1.5,6.7,"Energy"
"601","OMC",0.01,0,10.8,-1.48,"2007",1.5,6.7,"Consumer Discretionary"
"602","OKE",0.004,0,9.83,-1.62,"2007",1.5,6.7,"Utilities"
"603","ORCL",0.0294,1,8.84,0.7,"2007",1.5,6.7,"Technology"
"604","PCAR",0.0211,0,14.11,-0.98,"2007",1.5,6.7,"Consumer Discretionary"
"605","PKG",0.0203,0,14.8,-1.59,"2007",1.5,6.7,"Basic Materials"
"606","PH",0.0111,0,13.59,-2.13,"2007",1.5,6.7,"Industrials"
"607","PDCO",0.004,0,9.39,-1.39,"2007",1.5,6.7,"Health Care"
"608","PAYX",8e-04,0,7.83,-1.67,"2007",1.5,6.7,"Consumer Discretionary"
"609","PNR",0.0162,0,9.65,-0.75,"2007",1.5,6.7,"Industrials"
"610","PEP",1e-04,0,6.86,-1.26,"2007",1.5,6.7,"Consumer Staples"
"611","PKI",0.0043,0,10.77,-1.64,"2007",1.5,6.7,"Health Care"
"612","PRGO",0.0278,1,12.87,0.39,"2007",1.5,6.7,"Health Care"
"613","PFE",5e-04,0,8.06,-1.45,"2007",1.5,6.7,"Health Care"
"614","PCG",-0.0015,0,4.77,-0.55,"2007",1.5,6.7,"Utilities"
"615","PM",0.0157,0,8.15,-0.13,"2007",1.5,6.7,"Consumer Discretionary"
"616","PNW",0.0024,0,7.6,-1.05,"2007",1.5,6.7,"Utilities"
"617","PXD",0.0432,1,21.24,-0.46,"2007",1.5,6.7,"Energy"
"618","PNC",0.0147,0,16.16,-1.63,"2007",1.5,6.7,"Finance"
"619","RL",0.0369,1,14.9,-0.18,"2007",1.5,6.7,"Consumer Discretionary"
"620","PPG",0.012,0,9.73,-1.55,"2007",1.5,6.7,"Consumer Discretionary"
"621","PPL",-0.0039,0,7.06,-1.68,"2007",1.5,6.7,"Utilities"
"622","PFG",0.0825,1,36.17,-0.32,"2007",1.5,6.7,"Finance"
"623","PG",-0.0028,0,6.18,-1.4,"2007",1.5,6.7,"Consumer Discretionary"
"624","PGR",0.0193,0,10.22,-0.4,"2007",1.5,6.7,"Finance"
"625","PLD",0.0189,0,21.04,-3.44,"2007",1.5,6.7,"Real Estate"
"626","PRU",0.0615,1,26.42,-0.79,"2007",1.5,6.7,"Finance"
"627","PEG",-1e-04,0,8.74,-1.37,"2007",1.5,6.7,"Utilities"
"628","PSA",0.0211,0,11.22,0.05,"2007",1.5,6.7,"Real Estate"
"629","PHM",0.024,0,19.15,1.05,"2007",1.5,6.7,"Consumer Discretionary"
"630","QCOM",0.0353,1,10.55,1.41,"2007",1.5,6.7,"Technology"
"631","PWR",0.0329,1,14.41,0.15,"2007",1.5,6.7,"Industrials"
"632","DGX",0.0191,0,6.58,0.4,"2007",1.5,6.7,"Health Care"
"633","RRC",0.0157,0,12.25,0.96,"2007",1.5,6.7,"Energy"
"634","RJF",0.0118,0,17.91,-1.66,"2007",1.5,6.7,"Finance"
"635","O",0.0173,0,9.86,-0.34,"2007",1.5,6.7,"Real Estate"
"636","REG",0.0278,1,18.12,-1.27,"2007",1.5,6.7,"Real Estate"
"637","REGN",0.0242,1,17.52,0.09,"2007",1.5,6.7,"Health Care"
"638","RF",-0.0508,0,18.84,-6.57,"2007",1.5,6.7,"Finance"
"639","RSG",0.0152,0,11.01,-0.73,"2007",1.5,6.7,"Utilities"
"640","RMD",0.0168,0,10.97,0.05,"2007",1.5,6.7,"Health Care"
"641","RHI",0.0308,1,12.89,0.56,"2007",1.5,6.7,"Consumer Discretionary"
"642","ROK",0.0204,0,17.21,-2.09,"2007",1.5,6.7,"Industrials"
"643","ROP",-0.0021,0,6.72,-1.43,"2007",1.5,6.7,"Industrials"
"644","ROST",0.0459,1,9.67,2.62,"2007",1.5,6.7,"Consumer Discretionary"
"645","RCL",0.057,1,30.74,-1.44,"2007",1.5,6.7,"Consumer Discretionary"
"646","SPGI",0.0162,0,12.16,-1.32,"2007",1.5,6.7,"Finance"
"647","CRM",0.0289,1,15.93,-0.61,"2007",1.5,6.7,"Technology"
"648","SBAC",0.0076,0,12.92,-1.18,"2007",1.5,6.7,"Real Estate"
"649","SLB",0.0136,0,14.2,-1.64,"2007",1.5,6.7,"Energy"
"650","STX",0.0291,1,21.78,-2.04,"2007",1.5,6.7,"Technology"
"651","SEE",0.0383,1,15.45,0.07,"2007",1.5,6.7,"Industrials"
"652","SRE",0.0083,0,7.64,-0.52,"2007",1.5,6.7,"Utilities"
"653","SHW",0.014,0,9.51,-0.1,"2007",1.5,6.7,"Consumer Discretionary"
"654","SIG",0.0834,1,23.59,2.1,"2007",1.5,6.7,"Consumer Discretionary"
"655","SPG",0.0274,1,17.58,-1.48,"2007",1.5,6.7,"Real Estate"
"656","SWKS",0.0411,1,17.74,2.1,"2007",1.5,6.7,"Technology"
"657","SLG",0.0348,1,27.85,-3.22,"2007",1.5,6.7,"Real Estate"
"658","SNA",0.0247,1,14.9,-1.28,"2007",1.5,6.7,"Consumer Discretionary"
"659","SO",0.0043,0,5.63,-0.36,"2007",1.5,6.7,"Utilities"
"660","LUV",-0.0076,0,11.25,-3.07,"2007",1.5,6.7,"Consumer Discretionary"
"661","SWK",0.0149,0,11.14,-1.22,"2007",1.5,6.7,"Consumer Discretionary"
"662","SBUX",0.0129,0,13.35,-1.45,"2007",1.5,6.7,"Consumer Discretionary"
"663","STT",0.0226,0,16.5,-0.97,"2007",1.5,6.7,"Finance"
"664","SRCL",0.0012,0,6.45,-0.48,"2007",1.5,6.7,"Utilities"
"665","SYK",-0.0046,0,9.73,-2.5,"2007",1.5,6.7,"Health Care"
"666","SNPS",0.0069,0,9.21,-0.62,"2007",1.5,6.7,"Technology"
"667","SYY",0.0021,0,6.64,-1.37,"2007",1.5,6.7,"Consumer Discretionary"
"668","TROW",0.0388,1,15.56,-0.54,"2007",1.5,6.7,"Finance"
"669","TPR",0.0422,1,17.98,-0.16,"2007",1.5,6.7,"Consumer Discretionary"
"670","TGT",0.0135,0,11.93,-1.34,"2007",1.5,6.7,"Consumer Discretionary"
"671","TEL",0.0337,1,19.5,-1.76,"2007",1.5,6.7,"Technology"
"672","FTI",0.0186,0,15.81,-0.62,"2007",1.5,6.7,"Industrials"
"673","TXN",0.0081,0,9.77,-1.43,"2007",1.5,6.7,"Technology"
"674","TXT",0.0019,0,27.34,-6.56,"2007",1.5,6.7,"Industrials"
"675","BK",-0.0029,0,9.66,-1.85,"2007",1.5,6.7,"Finance"
"676","CLX",0.0054,0,6.39,-0.26,"2007",1.5,6.7,"Consumer Discretionary"
"677","COO",0.0182,0,17.52,-0.92,"2007",1.5,6.7,"Health Care"
"678","HSY",0.0073,0,6.83,0.02,"2007",1.5,6.7,"Consumer Staples"
"679","MOS",0.0248,1,21.5,0.03,"2007",1.5,6.7,"Industrials"
"680","TRV",0.0042,0,6.73,-0.92,"2007",1.5,6.7,"Finance"
"681","DIS",0.0153,0,9.82,-1.15,"2007",1.5,6.7,"Consumer Discretionary"
"682","TMO",0.0032,0,8.89,-1.23,"2007",1.5,6.7,"Industrials"
"683","TJX",0.0243,1,9.34,1.02,"2007",1.5,6.7,"Consumer Discretionary"
"684","TSCO",0.0187,0,11.33,0.63,"2007",1.5,6.7,"Consumer Discretionary"
"685","TDG",1e-04,0,10.21,-1,"2007",1.5,6.7,"Industrials"
"686","TSN",0.0429,1,15.48,0.59,"2007",1.5,6.7,"Consumer Staples"
"687","USB",0.0068,0,13.61,-1.67,"2007",1.5,6.7,"Finance"
"688","UDR",0.0105,0,14.65,-1.98,"2007",1.5,6.7,"Real Estate"
"689","ULTA",0.0131,0,20.35,-2.45,"2007",1.5,6.7,"Consumer Discretionary"
"690","UAA",0.013,0,16.92,-2.71,"2007",1.5,6.7,"Consumer Discretionary"
"691","UNP",0.0247,1,11.2,-0.19,"2007",1.5,6.7,"Industrials"
"692","UAL",-0.0799,0,31.7,-7.23,"2007",1.5,6.7,"Consumer Discretionary"
"693","UNH",-0.0019,0,14.99,-2.86,"2007",1.5,6.7,"Health Care"
"694","UPS",0.0047,0,9.28,-1.26,"2007",1.5,6.7,"Consumer Discretionary"
"695","URI",-0.0015,0,21.6,-4.25,"2007",1.5,6.7,"Consumer Discretionary"
"696","UHS",0.0337,1,12.02,0.58,"2007",1.5,6.7,"Health Care"
"697","UNM",0.041,1,17.67,-0.55,"2007",1.5,6.7,"Finance"
"698","VFC",0.0088,0,9.06,-0.75,"2007",1.5,6.7,"Consumer Discretionary"
"699","VLO",-0.0321,0,14.51,-5.73,"2007",1.5,6.7,"Energy"
"700","VTR",0.041,1,18.92,0.21,"2007",1.5,6.7,"Real Estate"
"701","VRSN",-0.0186,0,10.18,-3.35,"2007",1.5,6.7,"Technology"
"702","VZ",0.001,0,6.34,-1.04,"2007",1.5,6.7,"Telecommunications"
"703","VRTX",0.0406,1,16.34,3.16,"2007",1.5,6.7,"Health Care"
"704","V",0.0304,1,12.88,1.45,"2007",1.5,6.7,"Consumer Discretionary"
"705","VNO",0.0231,0,17.06,-1.78,"2007",1.5,6.7,"Real Estate"
"706","VMC",0.0034,0,13.9,-2.36,"2007",1.5,6.7,"Basic Materials"
"707","WMT",0.0107,0,5.78,0.43,"2007",1.5,6.7,"Consumer Discretionary"
"708","WBA",0.0154,0,9.85,-0.46,"2007",1.5,6.7,"Consumer Staples"
"709","WM",0.0056,0,6.51,-0.49,"2007",1.5,6.7,"Utilities"
"710","WAT",0.0093,0,12.24,-1.46,"2007",1.5,6.7,"Health Care"
"711","WEC",0.0018,0,4.64,-0.49,"2007",1.5,6.7,"Utilities"
"712","WFC",0.0474,1,20.35,0.96,"2007",1.5,6.7,"Finance"
"713","WDC",0.0502,1,19.35,1.47,"2007",1.5,6.7,"Technology"
"714","WU",0.0331,1,14.65,-0.59,"2007",1.5,6.7,"Consumer Discretionary"
"715","WY",-0.0016,0,14.02,-3.12,"2007",1.5,6.7,"Real Estate"
"716","WHR",0.0453,1,21.59,-0.7,"2007",1.5,6.7,"Consumer Discretionary"
"717","WMB",-0.0045,0,13.79,-3.05,"2007",1.5,6.7,"Utilities"
"718","WYNN",0.0257,1,27.89,-3.16,"2007",1.5,6.7,"Consumer Discretionary"
"719","XEL",0.0029,0,5.54,-0.56,"2007",1.5,6.7,"Utilities"
"720","XRX",-0.0036,0,14.26,-3.61,"2007",1.5,6.7,"Technology"
"721","YUM",0.0241,1,9.52,0.05,"2007",1.5,6.7,"Consumer Discretionary"
"722","ZBH",0.009,0,11.4,-1.49,"2007",1.5,6.7,"Health Care"
"723","ZION",-0.0354,0,20.47,-5.27,"2007",1.5,6.7,"Finance"
"724","MMM",-0.0115,0,7.76,-0.74,"2020",0.5,8.6,"Industrials"
"725","AOS",0.0146,1,8.37,1.8,"2020",0.5,8.6,"Industrials"
"726","ABT",0.0216,1,8.67,2.6,"2020",0.5,8.6,"Health Care"
"727","ABBV",0.001,0,8.68,0.45,"2020",0.5,8.6,"Health Care"
"728","ACN",0.0062,0,9.06,1.22,"2020",0.5,8.6,"Technology"
"729","ATVI",0.036,1,5.29,3.82,"2020",0.5,8.6,"Consumer Discretionary"
"730","AYI",-0.0352,0,10.63,-2.97,"2020",0.5,8.6,"Consumer Discretionary"
"731","ADBE",0.0414,1,8.18,4.61,"2020",0.5,8.6,"Technology"
"732","AAP",-8e-04,0,17.1,0.88,"2020",0.5,8.6,"Consumer Discretionary"
"733","AMD",0.0629,1,17.53,6.96,"2020",0.5,8.6,"Technology"
"734","AES",-0.0074,0,12.26,-0.21,"2020",0.5,8.6,"Utilities"
"735","AMG",-0.0224,0,11.43,-1.68,"2020",0.5,8.6,"Finance"
"736","AFL",-0.0422,0,9.06,-3.65,"2020",0.5,8.6,"Finance"
"737","A",0.0161,1,7.44,2.01,"2020",0.5,8.6,"Industrials"
"738","APD",0.0268,1,8.88,3.18,"2020",0.5,8.6,"Industrials"
"739","AKAM",0.0263,1,5.39,2.81,"2020",0.5,8.6,"Consumer Discretionary"
"740","ALK",-0.0587,0,18.3,-4.74,"2020",0.5,8.6,"Consumer Discretionary"
"741","ALB",0.0255,1,15.08,3.3,"2020",0.5,8.6,"Industrials"
"742","ARE",0.001,0,8.1,0.52,"2020",0.5,8.6,"Real Estate"
"743","ALGN",0.0147,1,14.53,2.3,"2020",0.5,8.6,"Health Care"
"744","ALLE",-0.0264,0,8.76,-2.1,"2020",0.5,8.6,"Consumer Discretionary"
"745","LNT",-0.0033,0,8.35,0,"2020",0.5,8.6,"Utilities"
"746","ALL",-0.0204,0,7.25,-1.66,"2020",0.5,8.6,"Finance"
"747","GOOGL",0.0055,0,9.61,1.18,"2020",0.5,8.6,"Technology"
"748","GOOG",0.0059,0,9.68,1.22,"2020",0.5,8.6,"Technology"
"749","MO",-0.0208,0,7.05,-1.76,"2020",0.5,8.6,"Consumer Discretionary"
"750","AMZN",0.0573,1,11.17,6.29,"2020",0.5,8.6,"Consumer Discretionary"
"751","AEE",0.0064,0,6.68,0.83,"2020",0.5,8.6,"Utilities"
"752","AAL",-0.0814,0,19.44,-7.31,"2020",0.5,8.6,"Consumer Discretionary"
"753","AEP",-0.0124,0,9.05,-0.95,"2020",0.5,8.6,"Utilities"
"754","AXP",-0.0277,0,10.36,-2.14,"2020",0.5,8.6,"Finance"
"755","AIG",-0.0581,0,16.94,-4.94,"2020",0.5,8.6,"Finance"
"756","AMT",0.0059,0,5.21,0.82,"2020",0.5,8.6,"Finance"
"757","AWK",0.0219,1,7.66,2.39,"2020",0.5,8.6,"Utilities"
"758","AMP",-0.0091,0,14.63,-0.07,"2020",0.5,8.6,"Finance"
"759","ABC",0.016,1,3.42,1.57,"2020",0.5,8.6,"Health Care"
"760","AME",-0.0023,0,10.29,0.44,"2020",0.5,8.6,"Consumer Discretionary"
"761","AMGN",0.0053,0,8.07,0.88,"2020",0.5,8.6,"Health Care"
"762","APH",-7e-04,0,12.27,0.71,"2020",0.5,8.6,"Technology"
"763","ADI",-0.0018,0,11.3,0.38,"2020",0.5,8.6,"Technology"
"764","ANSS",0.0213,1,8.04,2.62,"2020",0.5,8.6,"Technology"
"765","AON",-0.0012,0,9.84,0.33,"2020",0.5,8.6,"Finance"
"766","APA",0.0831,1,82.02,12.54,"2020",0.5,8.6,"Energy"
"767","AIV",-0.0422,0,10.2,-3.66,"2020",0.5,8.6,"Real Estate"
"768","AAPL",0.0479,1,12.84,5.55,"2020",0.5,8.6,"Technology"
"769","AMAT",-0.0034,0,10.44,0.17,"2020",0.5,8.6,"Technology"
"770","APTV",0.003,0,20.89,1.52,"2020",0.5,8.6,"Consumer Discretionary"
"771","ADM",0.0012,0,7.52,0.52,"2020",0.5,8.6,"Consumer Staples"
"772","ARNC",0.0969,1,28.23,21.67,"2020",0.5,8.6,"Consumer Discretionary"
"773","AJG",0.013,1,10.33,1.65,"2020",0.5,8.6,"Finance"
"774","AIZ",-0.01,0,7.54,-0.6,"2020",0.5,8.6,"Finance"
"775","T",-0.0299,0,6.72,-2.56,"2020",0.5,8.6,"Consumer Discretionary"
"776","ADSK",0.0235,1,11.53,3.01,"2020",0.5,8.6,"Technology"
"777","ADP",-0.0225,0,6.9,-1.93,"2020",0.5,8.6,"Consumer Discretionary"
"778","AZO",-0.0039,0,11.73,0.28,"2020",0.5,8.6,"Consumer Discretionary"
"779","AVB",-0.0344,0,10.31,-2.84,"2020",0.5,8.6,"Real Estate"
"780","AVY",-0.0034,0,7.39,0.01,"2020",0.5,8.6,"Miscellaneous"
"781","BAC",-0.0433,0,11.23,-3.58,"2020",0.5,8.6,"Finance"
"782","BAX",-0.0096,0,5.57,-0.68,"2020",0.5,8.6,"Health Care"
"783","BDX",-0.0185,0,10.17,-1.52,"2020",0.5,8.6,"Health Care"
"784","BBY",0.0298,1,16.72,4.06,"2020",0.5,8.6,"Consumer Discretionary"
"785","BIIB",4e-04,0,8.26,-0.15,"2020",0.5,8.6,"Health Care"
"786","BLK",0.0099,1,7.76,1.46,"2020",0.5,8.6,"Finance"
"787","HRB",-0.0313,0,14.81,-2.43,"2020",0.5,8.6,"Consumer Discretionary"
"788","BA",-0.0627,0,19.38,-5.5,"2020",0.5,8.6,"Industrials"
"789","BWA",-0.0122,0,15.03,-0.37,"2020",0.5,8.6,"Consumer Discretionary"
"790","BXP",-0.0521,0,10.93,-4.7,"2020",0.5,8.6,"Real Estate"
"791","BSX",-0.022,0,9.96,-1.57,"2020",0.5,8.6,"Health Care"
"792","BHF",-0.0407,0,13.99,-3.26,"2020",0.5,8.6,"Finance"
"793","BMY",-0.0065,0,5.31,-0.32,"2020",0.5,8.6,"Health Care"
"794","AVGO",0.0163,1,9.45,2.17,"2020",0.5,8.6,"Technology"
"795","CHRW",0.0343,1,8.81,3.78,"2020",0.5,8.6,"Consumer Discretionary"
"796","CDNS",0.0431,1,9.86,4.86,"2020",0.5,8.6,"Technology"
"797","CPB",3e-04,0,5.68,0.28,"2020",0.5,8.6,"Consumer Staples"
"798","COF",-0.0329,0,19.11,-2.14,"2020",0.5,8.6,"Finance"
"799","CAH",-0.0052,0,6.34,-0.34,"2020",0.5,8.6,"Health Care"
"800","KMX",0.0126,1,21.4,2.64,"2020",0.5,8.6,"Consumer Discretionary"
"801","CCL",-0.1027,0,24.54,-8.81,"2020",0.5,8.6,"Consumer Discretionary"
"802","CAT",-3e-04,0,6.68,0.23,"2020",0.5,8.6,"Industrials"
"803","CBOE",-0.0352,0,10.47,-2.96,"2020",0.5,8.6,"Finance"
"804","CNC",-0.009,0,9.16,-0.75,"2020",0.5,8.6,"Health Care"
"805","CNP",-0.0342,0,13.23,-2.59,"2020",0.5,8.6,"Utilities"
"806","CF",-0.0446,0,11.74,-3.81,"2020",0.5,8.6,"Industrials"
"807","SCHW",-0.0327,0,8.95,-2.74,"2020",0.5,8.6,"Finance"
"808","CHTR",0.026,1,8.98,3.11,"2020",0.5,8.6,"Consumer Discretionary"
"809","CVX",-0.0524,0,14.08,-4.38,"2020",0.5,8.6,"Energy"
"810","CMG",0.043,1,14.96,5.3,"2020",0.5,8.6,"Consumer Discretionary"
"811","CB",-0.0316,0,9.52,-2.74,"2020",0.5,8.6,"Finance"
"812","CHD",0.0323,1,9.83,3.68,"2020",0.5,8.6,"Consumer Discretionary"
"813","CI",-0.0252,0,5.97,-2.27,"2020",0.5,8.6,"Health Care"
"814","CINF",-0.0271,0,12.53,-2.4,"2020",0.5,8.6,"Finance"
"815","CTAS",0.0264,1,17.32,3.74,"2020",0.5,8.6,"Consumer Discretionary"
"816","CSCO",-0.0215,0,8.55,-1.85,"2020",0.5,8.6,"Telecommunications"
"817","C",-0.0654,0,14.58,-5.6,"2020",0.5,8.6,"Finance"
"818","CFG",-0.044,0,17.32,-3.31,"2020",0.5,8.6,"Finance"
"819","CTXS",0.0352,1,14.35,3.19,"2020",0.5,8.6,"Technology"
"820","CME",-0.021,0,7.54,-1.73,"2020",0.5,8.6,"Finance"
"821","CMS",0.0022,0,7.06,0.34,"2020",0.5,8.6,"Utilities"
"822","KO",-0.0115,0,7.61,-0.73,"2020",0.5,8.6,"Consumer Staples"
"823","CTSH",0.0155,1,14.49,2.27,"2020",0.5,8.6,"Technology"
"824","CL",0.0133,1,5.5,1.59,"2020",0.5,8.6,"Consumer Discretionary"
"825","CMCSA",0.002,0,7.97,0.68,"2020",0.5,8.6,"Consumer Discretionary"
"826","CMA",-0.0566,0,17.77,-4.59,"2020",0.5,8.6,"Finance"
"827","CAG",0.0091,1,9.91,1.26,"2020",0.5,8.6,"Consumer Staples"
"828","COP",-0.0668,0,19.75,-5.46,"2020",0.5,8.6,"Energy"
"829","ED",-0.011,0,7.45,-1.01,"2020",0.5,8.6,"Utilities"
"830","STZ",-0.0011,0,8.81,0.45,"2020",0.5,8.6,"Consumer Staples"
"831","GLW",0.0099,1,11.54,1.58,"2020",0.5,8.6,"Technology"
"832","COST",0.0209,1,4.9,2.3,"2020",0.5,8.6,"Consumer Discretionary"
"833","COTY",-0.1309,0,20.48,-12.38,"2020",0.5,8.6,"Consumer Discretionary"
"834","CCI",0.0187,1,5.2,2.02,"2020",0.5,8.6,"Real Estate"
"835","CSX",0.0061,0,9.96,1.23,"2020",0.5,8.6,"Industrials"
"836","CMI",0.0203,1,10.31,2.63,"2020",0.5,8.6,"Industrials"
"837","CVS",-0.026,0,6.14,-2.36,"2020",0.5,8.6,"Health Care"
"838","DHI",0.0476,1,20.93,6.06,"2020",0.5,8.6,"Consumer Discretionary"
"839","DHR",0.0336,1,8.74,3.84,"2020",0.5,8.6,"Health Care"
"840","DRI",0.0019,0,22.25,1.45,"2020",0.5,8.6,"Consumer Discretionary"
"841","DVA",0.0117,1,4.72,1.34,"2020",0.5,8.6,"Health Care"
"842","DE",0.0259,1,9.72,3.04,"2020",0.5,8.6,"Industrials"
"843","DAL",-0.0617,0,17.28,-5.47,"2020",0.5,8.6,"Consumer Discretionary"
"844","XRAY",-0.0321,0,9.69,-2.61,"2020",0.5,8.6,"Health Care"
"845","DVN",-0.063,0,36.86,-4.17,"2020",0.5,8.6,"Energy"
"846","DLR",0.031,1,7.79,3.04,"2020",0.5,8.6,"Real Estate"
"847","DFS",-0.0337,0,19.39,-2.25,"2020",0.5,8.6,"Finance"
"848","DISH",-0.0106,0,21.11,0.17,"2020",0.5,8.6,"Consumer Discretionary"
"849","DG",0.0324,1,6.12,3.52,"2020",0.5,8.6,"Consumer Discretionary"
"850","DLTR",-0.0049,0,10.49,-0.01,"2020",0.5,8.6,"Consumer Discretionary"
"851","D",-0.003,0,6.28,-0.02,"2020",0.5,8.6,"Utilities"
"852","DOV",-0.0091,0,9.21,-0.3,"2020",0.5,8.6,"Industrials"
"853","DTE",-0.0116,0,8.82,-0.61,"2020",0.5,8.6,"Utilities"
"854","DUK",-0.007,0,6.72,-0.45,"2020",0.5,8.6,"Utilities"
"855","DRE",0.0098,1,6.98,1.24,"2020",0.5,8.6,"Real Estate"
"856","DXC",-0.0599,0,25.44,-4.48,"2020",0.5,8.6,"Technology"
"857","EMN",0.0033,0,15.63,1.23,"2020",0.5,8.6,"Industrials"
"858","ETN",0.0056,0,7.19,1.01,"2020",0.5,8.6,"Industrials"
"859","EBAY",0.0442,1,13.95,5.14,"2020",0.5,8.6,"Consumer Discretionary"
"860","ECL",0.0043,0,11.34,1.04,"2020",0.5,8.6,"Consumer Discretionary"
"861","EIX",-0.0385,0,7.93,-3.42,"2020",0.5,8.6,"Utilities"
"862","EW",-3e-04,0,9.93,0.54,"2020",0.5,8.6,"Health Care"
"863","EA",0.02,1,7.06,2.37,"2020",0.5,8.6,"Consumer Discretionary"
"864","EMR",-0.0168,0,13.54,-0.8,"2020",0.5,8.6,"Industrials"
"865","ETR",-0.0193,0,10.67,-1.48,"2020",0.5,8.6,"Utilities"
"866","EOG",-0.0789,0,20.78,-6.62,"2020",0.5,8.6,"Energy"
"867","EQT",0.0698,1,41.77,8.4,"2020",0.5,8.6,"Energy"
"868","EFX",0.0116,1,10.5,1.73,"2020",0.5,8.6,"Finance"
"869","EQIX",0.0326,1,5.26,3.36,"2020",0.5,8.6,"Real Estate"
"870","EQR",-0.046,0,7.88,-4.21,"2020",0.5,8.6,"Real Estate"
"871","ESS",-0.042,0,8.91,-3.68,"2020",0.5,8.6,"Real Estate"
"872","EL",0.0032,0,9.31,0.89,"2020",0.5,8.6,"Consumer Discretionary"
"873","RE",-0.0325,0,11.07,-2.81,"2020",0.5,8.6,"Finance"
"874","ES",0.0014,0,6.8,0.4,"2020",0.5,8.6,"Utilities"
"875","EXC",-0.0256,0,6.95,-2.23,"2020",0.5,8.6,"Utilities"
"876","EXPE",-0.0119,0,20.14,0.08,"2020",0.5,8.6,"Consumer Discretionary"
"877","EXPD",0.0169,1,6.3,2.01,"2020",0.5,8.6,"Consumer Discretionary"
"878","EXR",0.0067,0,7.48,0.81,"2020",0.5,8.6,"Real Estate"
"879","XOM",-0.0723,0,13.6,-6.38,"2020",0.5,8.6,"Energy"
"880","FFIV",-0.0135,0,12.83,-0.74,"2020",0.5,8.6,"Technology"
"881","FAST",0.0225,1,9.37,2.81,"2020",0.5,8.6,"Basic Materials"
"882","FRT",-0.0518,0,13.66,-4.46,"2020",0.5,8.6,"Real Estate"
"883","FDX",0.0601,1,13.81,6.55,"2020",0.5,8.6,"Consumer Discretionary"
"884","FIS",0.0058,0,6.8,0.98,"2020",0.5,8.6,"Consumer Discretionary"
"885","FITB",-0.0347,0,17.28,-2.4,"2020",0.5,8.6,"Finance"
"886","FE",-0.0481,0,10.07,-4.66,"2020",0.5,8.6,"Utilities"
"887","FISV",-0.0132,0,7.18,-0.97,"2020",0.5,8.6,"Consumer Discretionary"
"888","FLS",-0.0608,0,16.68,-5.07,"2020",0.5,8.6,"Industrials"
"889","FLR",-0.0524,0,31.54,-3.61,"2020",0.5,8.6,"Industrials"
"890","FMC",0.0054,0,7.13,0.98,"2020",0.5,8.6,"Industrials"
"891","FL",-0.0103,0,15.93,-0.16,"2020",0.5,8.6,"Consumer Discretionary"
"892","F",-0.035,0,14.39,-2.64,"2020",0.5,8.6,"Consumer Discretionary"
"893","FTV",-0.002,0,10.76,0.38,"2020",0.5,8.6,"Industrials"
"894","BEN",-0.0232,0,10.99,-1.66,"2020",0.5,8.6,"Finance"
"895","FCX",0.0249,1,21.07,3.74,"2020",0.5,8.6,"Basic Materials"
"896","GPS",0.0216,1,26.97,3.6,"2020",0.5,8.6,"Consumer Discretionary"
"897","GRMN",-0.0033,0,9,0.21,"2020",0.5,8.6,"Industrials"
"898","IT",-0.0247,0,12.82,-1.64,"2020",0.5,8.6,"Finance"
"899","GD",-0.0265,0,8.26,-2.23,"2020",0.5,8.6,"Industrials"
"900","GE",-0.0682,0,10.66,-6.54,"2020",0.5,8.6,"Consumer Discretionary"
"901","GIS",0.0181,1,6.68,2.03,"2020",0.5,8.6,"Consumer Staples"
"902","GM",-0.0248,0,15.08,-1.65,"2020",0.5,8.6,"Consumer Discretionary"
"903","GPC",-0.0101,0,11.59,-0.31,"2020",0.5,8.6,"Consumer Discretionary"
"904","GILD",0.0019,0,8.16,0.06,"2020",0.5,8.6,"Health Care"
"905","GPN",-0.0054,0,10.45,0.05,"2020",0.5,8.6,"Consumer Discretionary"
"906","GS",-0.0182,0,12.19,-1.02,"2020",0.5,8.6,"Finance"
"907","GT",-0.0647,0,21.16,-5.12,"2020",0.5,8.6,"Consumer Discretionary"
"908","GWW",0.0025,0,9.67,0.81,"2020",0.5,8.6,"Consumer Discretionary"
"909","HAL",-0.042,0,31.82,-2.1,"2020",0.5,8.6,"Energy"
"910","HBI",0.0198,1,20.06,3.15,"2020",0.5,8.6,"Consumer Discretionary"
"911","HOG",-0.0434,0,16.46,-3.33,"2020",0.5,8.6,"Consumer Discretionary"
"912","HIG",-0.0529,0,12.18,-4.54,"2020",0.5,8.6,"Finance"
"913","HAS",-0.0254,0,9.35,-2.13,"2020",0.5,8.6,"Consumer Discretionary"
"914","HCA",-0.0179,0,18.21,-0.75,"2020",0.5,8.6,"Health Care"
"915","HP",-0.0928,0,22.05,-8.04,"2020",0.5,8.6,"Energy"
"916","HSIC",-0.0152,0,11.72,-0.89,"2020",0.5,8.6,"Health Care"
"917","HES",-0.0415,0,22.99,-2.96,"2020",0.5,8.6,"Energy"
"918","HPE",-0.0561,0,8.64,-5.14,"2020",0.5,8.6,"Telecommunications"
"919","HLT",-0.0263,0,14.14,-1.78,"2020",0.5,8.6,"Consumer Discretionary"
"920","HOLX",0.0344,1,20.51,4.46,"2020",0.5,8.6,"Health Care"
"921","HD",0.0239,1,9.58,3.01,"2020",0.5,8.6,"Consumer Discretionary"
"922","HON",-0.0102,0,8.28,-0.52,"2020",0.5,8.6,"Industrials"
"923","HRL",0.0138,1,7.1,1.41,"2020",0.5,8.6,"Consumer Staples"
"924","HST",-0.0569,0,9.86,-5.07,"2020",0.5,8.6,"Real Estate"
"925","HPQ",-0.0051,0,9.84,-0.3,"2020",0.5,8.6,"Technology"
"926","HUM",0.0107,1,9.07,1.52,"2020",0.5,8.6,"Health Care"
"927","HBAN",-0.0488,0,12.45,-4.14,"2020",0.5,8.6,"Finance"
"928","HII",-0.0619,0,9.16,-5.82,"2020",0.5,8.6,"Industrials"
"929","IDXX",0.0412,1,9.27,4.6,"2020",0.5,8.6,"Health Care"
"930","ITW",0.0069,1,8.37,1.24,"2020",0.5,8.6,"Industrials"
"931","ILMN",-0.0063,0,10.87,-0.23,"2020",0.5,8.6,"Health Care"
"932","INCY",0.0043,0,13.64,0.93,"2020",0.5,8.6,"Health Care"
"933","IR",-0.0033,0,12.48,0.42,"2020",0.5,8.6,"Industrials"
"934","INTC",-0.0147,0,10.11,-1.23,"2020",0.5,8.6,"Technology"
"935","ICE",0.007,1,8.88,1.22,"2020",0.5,8.6,"Finance"
"936","IBM",-0.0103,0,8.07,-0.55,"2020",0.5,8.6,"Technology"
"937","IP",-0.0092,0,9.31,-0.49,"2020",0.5,8.6,"Industrials"
"938","IPG",-0.0308,0,8.99,-2.56,"2020",0.5,8.6,"Consumer Discretionary"
"939","IFF",-0.0038,0,12.03,0.27,"2020",0.5,8.6,"Industrials"
"940","INTU",0.0204,1,9.75,2.68,"2020",0.5,8.6,"Technology"
"941","ISRG",0.0162,1,9.71,2.06,"2020",0.5,8.6,"Health Care"
"942","IVZ",-0.0316,0,19.48,-2.61,"2020",0.5,8.6,"Finance"
"943","IQV",-9e-04,0,15.31,0.88,"2020",0.5,8.6,"Health Care"
"944","IRM",-0.0077,0,9.2,-0.26,"2020",0.5,8.6,"Real Estate"
"945","JBHT",0.01,1,10.13,1.53,"2020",0.5,8.6,"Industrials"
"946","SJM",0.0149,1,5.78,1.54,"2020",0.5,8.6,"Consumer Staples"
"947","JNJ",0.0013,0,7.02,0.52,"2020",0.5,8.6,"Health Care"
"948","JCI",0.0014,0,11.94,0.83,"2020",0.5,8.6,"Consumer Discretionary"
"949","JPM",-0.0417,0,9.31,-3.55,"2020",0.5,8.6,"Finance"
"950","JNPR",-0.0116,0,10.26,-0.61,"2020",0.5,8.6,"Technology"
"951","K",-0.0055,0,6.7,-0.21,"2020",0.5,8.6,"Consumer Staples"
"952","KEY",-0.0518,0,13.89,-4.32,"2020",0.5,8.6,"Finance"
"953","KMB",0.0091,1,5.91,1.23,"2020",0.5,8.6,"Consumer Discretionary"
"954","KIM",-0.0465,0,18.33,-3.69,"2020",0.5,8.6,"Real Estate"
"955","KMI",-0.0522,0,10.56,-4.6,"2020",0.5,8.6,"Utilities"
"956","KLAC",0.0064,0,8.54,1.11,"2020",0.5,8.6,"Technology"
"957","KSS",-0.0745,0,24.68,-6,"2020",0.5,8.6,"Consumer Discretionary"
"958","KHC",-0.0024,0,11.92,0.35,"2020",0.5,8.6,"Consumer Staples"
"959","KR",0.021,1,4.69,2.11,"2020",0.5,8.6,"Consumer Staples"
"960","LLL",-0.0037,0,15.64,-0.06,"2020",0.5,8.6,"Consumer Staples"
"961","LH",0.0162,1,16.25,2.4,"2020",0.5,8.6,"Health Care"
"962","LRCX",0.0177,1,11.77,2.18,"2020",0.5,8.6,"Technology"
"963","LEG",-0.0136,0,19.25,-0.27,"2020",0.5,8.6,"Consumer Discretionary"
"964","LEN",0.0485,1,20.15,6.01,"2020",0.5,8.6,"Real Estate"
"965","LLY",0.0149,1,7.54,1.55,"2020",0.5,8.6,"Health Care"
"966","LNC",-0.0594,0,20.98,-4.61,"2020",0.5,8.6,"Finance"
"967","LKQ",-0.0262,0,16.85,-1.52,"2020",0.5,8.6,"Consumer Discretionary"
"968","LMT",-0.0024,0,8.48,0.22,"2020",0.5,8.6,"Industrials"
"969","L",-0.0478,0,8.76,-4.31,"2020",0.5,8.6,"Finance"
"970","LOW",0.0351,1,14.21,4.41,"2020",0.5,8.6,"Consumer Discretionary"
"971","LYB",-0.0235,0,14.87,-1.59,"2020",0.5,8.6,"Industrials"
"972","MTB",-0.0659,0,10.47,-5.92,"2020",0.5,8.6,"Finance"
"973","MAC",-0.0782,0,31.31,-6.24,"2020",0.5,8.6,"Real Estate"
"974","M",-0.0829,0,24.69,-6.82,"2020",0.5,8.6,"Consumer Discretionary"
"975","MRO",-0.0797,0,39.83,-5.72,"2020",0.5,8.6,"Energy"
"976","MPC",-0.0602,0,23.45,-4.59,"2020",0.5,8.6,"Energy"
"977","MAR",-0.0463,0,18.5,-3.49,"2020",0.5,8.6,"Consumer Discretionary"
"978","MMC",0.0017,0,9.18,0.73,"2020",0.5,8.6,"Finance"
"979","MLM",-0.0178,0,9.51,-1.48,"2020",0.5,8.6,"Industrials"
"980","MAS",0.0168,1,12.31,2.46,"2020",0.5,8.6,"Industrials"
"981","MA",0.0103,1,10.86,1.72,"2020",0.5,8.6,"Consumer Discretionary"
"982","MAT",-0.0128,0,13.46,-0.72,"2020",0.5,8.6,"Consumer Discretionary"
"983","MKC",0.013,1,8.31,1.79,"2020",0.5,8.6,"Consumer Staples"
"984","MCD",0.0099,1,8.98,1.53,"2020",0.5,8.6,"Consumer Discretionary"
"985","MCK",0.0064,0,5.43,0.83,"2020",0.5,8.6,"Health Care"
"986","MDT",-0.0119,0,8.21,-0.7,"2020",0.5,8.6,"Health Care"
"987","MRK",-0.0111,0,5.51,-0.89,"2020",0.5,8.6,"Health Care"
"988","MET",-0.0336,0,12.8,-2.52,"2020",0.5,8.6,"Finance"
"989","MTD",0.02,1,7.46,2.31,"2020",0.5,8.6,"Health Care"
"990","MGM",-0.0239,0,28.72,-0.62,"2020",0.5,8.6,"Consumer Discretionary"
"991","MCHP",-0.0026,0,15.58,0.68,"2020",0.5,8.6,"Technology"
"992","MU",-0.0081,0,10.52,-0.47,"2020",0.5,8.6,"Technology"
"993","MSFT",0.0282,1,7.56,3.21,"2020",0.5,8.6,"Technology"
"994","MAA",-0.0112,0,8.84,-0.63,"2020",0.5,8.6,"Real Estate"
"995","MHK",-0.0286,0,17.61,-2.06,"2020",0.5,8.6,"Consumer Discretionary"
"996","TAP",-0.0503,0,9.62,-4.51,"2020",0.5,8.6,"Consumer Staples"
"997","MDLZ",0.0048,0,5.37,0.75,"2020",0.5,8.6,"Consumer Staples"
"998","MNST",0.0238,1,9.38,2.91,"2020",0.5,8.6,"Consumer Staples"
"999","MCO",0.0172,1,8.32,2.25,"2020",0.5,8.6,"Finance"
"1000","MS",-0.0084,0,13.5,0.04,"2020",0.5,8.6,"Finance"
"1001","MSI",-0.0016,0,9.66,0.31,"2020",0.5,8.6,"Technology"
"1002","NDAQ",0.0131,1,9.5,1.87,"2020",0.5,8.6,"Finance"
"1003","NOV",-0.0954,0,20.78,-8.27,"2020",0.5,8.6,"Industrials"
"1004","NAVI",-0.0456,0,15.11,-3.72,"2020",0.5,8.6,"Finance"
"1005","NTAP",-0.0379,0,8.22,-3.31,"2020",0.5,8.6,"Technology"
"1006","NFLX",0.0452,1,5.63,4.72,"2020",0.5,8.6,"Consumer Discretionary"
"1007","NWL",-0.005,0,11.85,-0.07,"2020",0.5,8.6,"Industrials"
"1008","NEM",0.0439,1,11.33,4.86,"2020",0.5,8.6,"Basic Materials"
"1009","NWSA",-8e-04,0,15.47,0.83,"2020",0.5,8.6,"Consumer Discretionary"
"1010","NWS",-0.0048,0,15.46,0.48,"2020",0.5,8.6,"Consumer Discretionary"
"1011","NEE",0.0225,1,8.64,2.41,"2020",0.5,8.6,"Utilities"
"1012","NLSN",-0.0371,0,13.72,-2.89,"2020",0.5,8.6,"Consumer Discretionary"
"1013","NKE",0.0249,1,9.09,2.82,"2020",0.5,8.6,"Consumer Discretionary"
"1014","NI",-0.0203,0,6.58,-1.9,"2020",0.5,8.6,"Utilities"
"1015","JWN",-0.1082,0,22.8,-9.54,"2020",0.5,8.6,"Consumer Discretionary"
"1016","NSC",0.0108,1,11.63,1.82,"2020",0.5,8.6,"Industrials"
"1017","NTRS",-0.0351,0,6.55,-3.1,"2020",0.5,8.6,"Finance"
"1018","NOC",-0.0102,0,7.75,-0.58,"2020",0.5,8.6,"Technology"
"1019","NCLH",-0.081,0,33.78,-6.06,"2020",0.5,8.6,"Consumer Discretionary"
"1020","NRG",-0.0272,0,12.98,-1.92,"2020",0.5,8.6,"Utilities"
"1021","NUE",-0.021,0,9.77,-1.52,"2020",0.5,8.6,"Industrials"
"1022","NVDA",0.0922,1,10.15,9.61,"2020",0.5,8.6,"Technology"
"1023","ORLY",0.0037,0,13.76,1.2,"2020",0.5,8.6,"Consumer Discretionary"
"1024","OXY",-0.1036,0,33.14,-8.85,"2020",0.5,8.6,"Energy"
"1025","OMC",-0.0516,0,7.1,-4.72,"2020",0.5,8.6,"Consumer Discretionary"
"1026","OKE",-0.0615,0,29.57,-4.54,"2020",0.5,8.6,"Utilities"
"1027","ORCL",0.0109,1,4.56,1.33,"2020",0.5,8.6,"Technology"
"1028","PCAR",0.0086,1,8.73,1.37,"2020",0.5,8.6,"Consumer Discretionary"
"1029","PKG",9e-04,0,7.78,0.35,"2020",0.5,8.6,"Basic Materials"
"1030","PH",-6e-04,0,15.4,0.88,"2020",0.5,8.6,"Industrials"
"1031","PDCO",0.0288,1,18.97,3.9,"2020",0.5,8.6,"Health Care"
"1032","PAYX",-0.0063,0,9.11,-0.12,"2020",0.5,8.6,"Consumer Discretionary"
"1033","PYPL",0.0641,1,13.83,7.24,"2020",0.5,8.6,"Consumer Discretionary"
"1034","PNR",2e-04,0,13.17,0.82,"2020",0.5,8.6,"Industrials"
"1035","PEP",0.0015,0,5.76,0.5,"2020",0.5,8.6,"Consumer Staples"
"1036","PKI",0.0249,1,12.14,3.13,"2020",0.5,8.6,"Health Care"
"1037","PRGO",-0.0119,0,8.43,-0.83,"2020",0.5,8.6,"Health Care"
"1038","PFE",-0.0046,0,11.27,0,"2020",0.5,8.6,"Health Care"
"1039","PCG",0.004,0,23.73,1.17,"2020",0.5,8.6,"Utilities"
"1040","PM",-0.011,0,5.51,-0.83,"2020",0.5,8.6,"Consumer Discretionary"
"1041","PSX",-0.0732,0,18.95,-6.27,"2020",0.5,8.6,"Energy"
"1042","PNW",-0.0162,0,9.99,-1.33,"2020",0.5,8.6,"Utilities"
"1043","PXD",-0.0517,0,19.35,-3.95,"2020",0.5,8.6,"Energy"
"1044","PNC",-0.0419,0,11.5,-3.45,"2020",0.5,8.6,"Finance"
"1045","RL",-0.0582,0,12.65,-5.12,"2020",0.5,8.6,"Consumer Discretionary"
"1046","PPG",-0.009,0,11.4,-0.22,"2020",0.5,8.6,"Consumer Discretionary"
"1047","PPL",-0.0267,0,9.38,-2.15,"2020",0.5,8.6,"Utilities"
"1048","PFG",-0.0314,0,13.59,-2.27,"2020",0.5,8.6,"Finance"
"1049","PG",0.0124,1,5.97,1.56,"2020",0.5,8.6,"Consumer Discretionary"
"1050","PGR",0.0301,1,6.76,3.25,"2020",0.5,8.6,"Finance"
"1051","PLD",0.0144,1,7.2,1.79,"2020",0.5,8.6,"Real Estate"
"1052","PRU",-0.0386,0,14.5,-2.89,"2020",0.5,8.6,"Finance"
"1053","PEG",-0.0049,0,9.74,-0.04,"2020",0.5,8.6,"Utilities"
"1054","PSA",0.009,1,6.28,0.99,"2020",0.5,8.6,"Real Estate"
"1055","PHM",0.0324,1,22.45,4.52,"2020",0.5,8.6,"Consumer Discretionary"
"1056","QRVO",0.0131,1,12.54,2.04,"2020",0.5,8.6,"Industrials"
"1057","QCOM",0.0325,1,11.08,3.94,"2020",0.5,8.6,"Technology"
"1058","PWR",0.0285,1,12.6,3.51,"2020",0.5,8.6,"Industrials"
"1059","DGX",0.0141,1,17.39,2.27,"2020",0.5,8.6,"Health Care"
"1060","RRC",0.1038,1,55.54,13.02,"2020",0.5,8.6,"Energy"
"1061","RJF",-0.0249,0,9.77,-1.9,"2020",0.5,8.6,"Finance"
"1062","O",-0.014,0,12.59,-0.72,"2020",0.5,8.6,"Real Estate"
"1063","REG",-0.0466,0,13.19,-3.98,"2020",0.5,8.6,"Real Estate"
"1064","REGN",0.0576,1,12.76,5.54,"2020",0.5,8.6,"Health Care"
"1065","RF",-0.0387,0,14.69,-2.96,"2020",0.5,8.6,"Finance"
"1066","RSG",0.0048,0,8.03,0.91,"2020",0.5,8.6,"Utilities"
"1067","RMD",0.0134,1,8.78,1.53,"2020",0.5,8.6,"Health Care"
"1068","RHI",-0.0187,0,14.25,-0.99,"2020",0.5,8.6,"Consumer Discretionary"
"1069","ROK",0.009,1,12.66,1.66,"2020",0.5,8.6,"Industrials"
"1070","ROP",0.0098,1,9.33,1.48,"2020",0.5,8.6,"Industrials"
"1071","ROST",-0.0276,0,8.71,-2.33,"2020",0.5,8.6,"Consumer Discretionary"
"1072","RCL",-0.0421,0,32.81,-2.11,"2020",0.5,8.6,"Consumer Discretionary"
"1073","SPGI",0.0268,1,9.1,3.25,"2020",0.5,8.6,"Finance"
"1074","CRM",0.0467,1,16.05,5.49,"2020",0.5,8.6,"Technology"
"1075","SBAC",0.0319,1,4.38,3.22,"2020",0.5,8.6,"Real Estate"
"1076","SLB",-0.085,0,21.5,-7.11,"2020",0.5,8.6,"Energy"
"1077","STX",-0.0146,0,7.87,-1.33,"2020",0.5,8.6,"Technology"
"1078","SEE",-0.0026,0,12.28,0.54,"2020",0.5,8.6,"Industrials"
"1079","SRE",-0.0255,0,9.56,-2,"2020",0.5,8.6,"Utilities"
"1080","SHW",0.0227,1,9.37,2.82,"2020",0.5,8.6,"Consumer Discretionary"
"1081","SIG",0.0687,1,39.25,9.04,"2020",0.5,8.6,"Consumer Discretionary"
"1082","SPG",-0.0638,0,22.61,-5.22,"2020",0.5,8.6,"Real Estate"
"1083","SWKS",0.0194,1,10.95,2.57,"2020",0.5,8.6,"Technology"
"1084","SLG",-0.0524,0,20.55,-4.25,"2020",0.5,8.6,"Real Estate"
"1085","SNA",-0.0148,0,12.2,-0.71,"2020",0.5,8.6,"Consumer Discretionary"
"1086","SO",-0.013,0,8.6,-1,"2020",0.5,8.6,"Utilities"
"1087","LUV",-0.0368,0,13.38,-3.25,"2020",0.5,8.6,"Consumer Discretionary"
"1088","SWK",-0.0011,0,14.09,0.72,"2020",0.5,8.6,"Consumer Discretionary"
"1089","SBUX",-0.0058,0,9.94,0.03,"2020",0.5,8.6,"Consumer Discretionary"
"1090","STT",-0.032,0,11.67,-2.45,"2020",0.5,8.6,"Finance"
"1091","SRCL",-9e-04,0,8.42,0.36,"2020",0.5,8.6,"Utilities"
"1092","SYK",-0.0036,0,8.23,0.11,"2020",0.5,8.6,"Health Care"
"1093","SYF",-0.0258,0,19.24,-1.45,"2020",0.5,8.6,"Finance"
"1094","SNPS",0.0429,1,9.98,4.92,"2020",0.5,8.6,"Technology"
"1095","SYY",-0.0308,0,16.33,-2.07,"2020",0.5,8.6,"Consumer Discretionary"
"1096","TROW",0.0034,0,11.23,1.04,"2020",0.5,8.6,"Finance"
"1097","TPR",-0.0505,0,17.01,-4.14,"2020",0.5,8.6,"Consumer Discretionary"
"1098","TGT",0.026,1,11.9,3.25,"2020",0.5,8.6,"Consumer Discretionary"
"1099","TEL",0.0022,0,12.51,1.03,"2020",0.5,8.6,"Technology"
"1100","FTI",-0.1081,0,24.41,-9.41,"2020",0.5,8.6,"Industrials"
"1101","TXN",0.0103,1,9.02,1.58,"2020",0.5,8.6,"Technology"
"1102","TXT",-0.0192,0,15.39,-1.1,"2020",0.5,8.6,"Industrials"
"1103","BK",-0.0434,0,9.06,-3.8,"2020",0.5,8.6,"Finance"
"1104","CLX",0.0394,1,6.15,4,"2020",0.5,8.6,"Consumer Discretionary"
"1105","COO",0.0037,0,9.46,0.76,"2020",0.5,8.6,"Health Care"
"1106","HSY",-0.0011,0,6.89,0.17,"2020",0.5,8.6,"Consumer Staples"
"1107","MOS",-0.0113,0,19.24,-0.07,"2020",0.5,8.6,"Industrials"
"1108","TRV",-0.0264,0,7.62,-2.21,"2020",0.5,8.6,"Finance"
"1109","DIS",-0.0199,0,11.31,-1.25,"2020",0.5,8.6,"Consumer Discretionary"
"1110","TMO",0.0307,1,8.19,3.53,"2020",0.5,8.6,"Industrials"
"1111","TJX",-0.0146,0,8.16,-1.07,"2020",0.5,8.6,"Consumer Discretionary"
"1112","TSCO",0.0467,1,10.01,5.24,"2020",0.5,8.6,"Consumer Discretionary"
"1113","TDG",-0.0071,0,19.08,0.36,"2020",0.5,8.6,"Industrials"
"1114","TRIP",-0.047,0,14.2,-3.78,"2020",0.5,8.6,"Communication Services"
"1115","FOXA",-0.0299,0,12,-2.31,"2020",0.5,8.6,"Industrials"
"1116","FOX",-0.0278,0,12.43,-2.05,"2020",0.5,8.6,"Industrials"
"1117","TSN",-0.046,0,8.34,-4.05,"2020",0.5,8.6,"Consumer Staples"
"1118","USB",-0.053,0,9.71,-4.74,"2020",0.5,8.6,"Finance"
"1119","UDR",-0.037,0,7.05,-3.34,"2020",0.5,8.6,"Real Estate"
"1120","ULTA",-0.0094,0,17.67,0.01,"2020",0.5,8.6,"Consumer Discretionary"
"1121","UAA",-0.0633,0,18.47,-5.5,"2020",0.5,8.6,"Consumer Discretionary"
"1122","UA",-0.0636,0,18.64,-5.48,"2020",0.5,8.6,"Consumer Discretionary"
"1123","UNP",0.0085,1,8.67,1.4,"2020",0.5,8.6,"Industrials"
"1124","UAL",-0.0865,0,20.5,-7.76,"2020",0.5,8.6,"Consumer Discretionary"
"1125","UNH",0.0042,0,7.35,0.8,"2020",0.5,8.6,"Health Care"
"1126","UPS",0.0474,1,12.58,5.13,"2020",0.5,8.6,"Consumer Discretionary"
"1127","URI",0.0054,0,15.09,1.4,"2020",0.5,8.6,"Consumer Discretionary"
"1128","UHS",-0.0359,0,11.15,-3,"2020",0.5,8.6,"Health Care"
"1129","UNM",-0.0534,0,16.29,-4.37,"2020",0.5,8.6,"Finance"
"1130","VFC",-0.0358,0,12.58,-2.97,"2020",0.5,8.6,"Consumer Discretionary"
"1131","VLO",-0.0737,0,20.34,-6.14,"2020",0.5,8.6,"Energy"
"1132","VTR",-0.0144,0,19.53,-0.32,"2020",0.5,8.6,"Real Estate"
"1133","VRSN",0.0029,0,7.75,0.71,"2020",0.5,8.6,"Technology"
"1134","VRSK",0.0216,1,7.92,2.56,"2020",0.5,8.6,"Consumer Discretionary"
"1135","VZ",-0.0011,0,5.02,0.14,"2020",0.5,8.6,"Telecommunications"
"1136","VRTX",0.0244,1,6.11,2.5,"2020",0.5,8.6,"Health Care"
"1137","V",0.0033,0,8.59,0.85,"2020",0.5,8.6,"Consumer Discretionary"
"1138","VNO",-0.0629,0,15.85,-5.43,"2020",0.5,8.6,"Real Estate"
"1139","VMC",-0.0071,0,8.11,-0.41,"2020",0.5,8.6,"Basic Materials"
"1140","WMT",0.017,1,5.55,1.88,"2020",0.5,8.6,"Consumer Discretionary"
"1141","WBA",-0.0513,0,4.6,-5.11,"2020",0.5,8.6,"Consumer Staples"
"1142","WM",-0.001,0,8.06,0.38,"2020",0.5,8.6,"Utilities"
"1143","WAT",-0.0215,0,10,-1.71,"2020",0.5,8.6,"Health Care"
"1144","WEC",0.0092,1,5.88,1.1,"2020",0.5,8.6,"Utilities"
"1145","WFC",-0.0859,0,9.41,-8.06,"2020",0.5,8.6,"Finance"
"1146","WDC",-0.0536,0,10.85,-4.82,"2020",0.5,8.6,"Technology"
"1147","WU",-0.0174,0,10.88,-1.14,"2020",0.5,8.6,"Consumer Discretionary"
"1148","WRK",-0.0214,0,12.32,-1.65,"2020",0.5,8.6,"Basic Materials"
"1149","WY",0.0019,0,19.29,1.36,"2020",0.5,8.6,"Real Estate"
"1150","WHR",0.03,1,19.01,4.22,"2020",0.5,8.6,"Consumer Discretionary"
"1151","WMB",-0.0074,0,16.81,0.25,"2020",0.5,8.6,"Utilities"
"1152","WYNN",-0.062,0,24.45,-4.67,"2020",0.5,8.6,"Consumer Discretionary"
"1153","XEL",0.0123,1,6.71,1.49,"2020",0.5,8.6,"Utilities"
"1154","XRX",-0.0645,0,15.61,-5.74,"2020",0.5,8.6,"Technology"
"1155","XL",0.0203,1,5.37,1.95,"2020",0.5,8.6,"Consumer Discretionary"
"1156","XYL",0.0058,0,9.44,1.05,"2020",0.5,8.6,"Industrials"
"1157","YUM",-0.0118,0,14.05,-0.27,"2020",0.5,8.6,"Consumer Discretionary"
"1158","ZBH",-0.012,0,12.89,-0.38,"2020",0.5,8.6,"Health Care"
"1159","ZION",-0.0594,0,14.38,-5.05,"2020",0.5,8.6,"Finance"
"1160","ZTS",0.0201,1,7.06,2.43,"2020",0.5,8.6,"Health Care"
