"","symbol","Alpha","performance","LMT_std","mean","period","interest_mean_2020","unemp_mean","sector"
"1","MMM",-0.0115,0,"7.76","-0.74","2020",0.5,8.6,"Industrials"
"2","AOS",0.0146,1,"8.37","1.8","2020",0.5,8.6,"Industrials"
"3","ABT",0.0216,1,"8.67","2.6","2020",0.5,8.6,"Health Care"
"4","ABBV",0.001,0,"8.68","0.45","2020",0.5,8.6,"Health Care"
"5","ACN",0.0062,0,"9.06","1.22","2020",0.5,8.6,"Technology"
"6","ATVI",0.036,1,"5.29","3.82","2020",0.5,8.6,"Consumer Discretionary"
"7","AYI",-0.0352,0,"10.63","-2.97","2020",0.5,8.6,"Consumer Discretionary"
"8","ADBE",0.0414,1,"8.18","4.61","2020",0.5,8.6,"Technology"
"9","AAP",-8e-04,0,"17.1","0.88","2020",0.5,8.6,"Consumer Discretionary"
"10","AMD",0.0629,1,"17.53","6.96","2020",0.5,8.6,"Technology"
"11","AES",-0.0074,0,"12.26","-0.21","2020",0.5,8.6,"Utilities"
"12","AMG",-0.0224,0,"11.43","-1.68","2020",0.5,8.6,"Finance"
"13","AFL",-0.0422,0,"9.06","-3.65","2020",0.5,8.6,"Finance"
"14","A",0.0161,1,"7.44","2.01","2020",0.5,8.6,"Industrials"
"15","APD",0.0268,1,"8.88","3.18","2020",0.5,8.6,"Industrials"
"16","AKAM",0.0263,1,"5.39","2.81","2020",0.5,8.6,"Consumer Discretionary"
"17","ALK",-0.0587,0,"18.3","-4.74","2020",0.5,8.6,"Consumer Discretionary"
"18","ALB",0.0255,1,"15.08","3.3","2020",0.5,8.6,"Industrials"
"19","ARE",0.001,0,"8.1","0.52","2020",0.5,8.6,"Real Estate"
"20","ALGN",0.0147,1,"14.53","2.3","2020",0.5,8.6,"Health Care"
"21","ALLE",-0.0264,0,"8.76","-2.1","2020",0.5,8.6,"Consumer Discretionary"
"22","LNT",-0.0033,0,"8.35","0","2020",0.5,8.6,"Utilities"
"23","ALL",-0.0204,0,"7.25","-1.66","2020",0.5,8.6,"Finance"
"24","GOOGL",0.0055,0,"9.61","1.18","2020",0.5,8.6,"Technology"
"25","GOOG",0.0059,0,"9.68","1.22","2020",0.5,8.6,"Technology"
"26","MO",-0.0208,0,"7.05","-1.76","2020",0.5,8.6,"Consumer Discretionary"
"27","AMZN",0.0573,1,"11.17","6.29","2020",0.5,8.6,"Consumer Discretionary"
"28","AEE",0.0064,0,"6.68","0.83","2020",0.5,8.6,"Utilities"
"29","AAL",-0.0814,0,"19.44","-7.31","2020",0.5,8.6,"Consumer Discretionary"
"30","AEP",-0.0124,0,"9.05","-0.95","2020",0.5,8.6,"Utilities"
"31","AXP",-0.0277,0,"10.36","-2.14","2020",0.5,8.6,"Finance"
"32","AIG",-0.0581,0,"16.94","-4.94","2020",0.5,8.6,"Finance"
"33","AMT",0.0059,0,"5.21","0.82","2020",0.5,8.6,"Finance"
"34","AWK",0.0219,1,"7.66","2.39","2020",0.5,8.6,"Utilities"
"35","AMP",-0.0091,0,"14.63","-0.07","2020",0.5,8.6,"Finance"
"36","ABC",0.016,1,"3.42","1.57","2020",0.5,8.6,"Health Care"
"37","AME",-0.0023,0,"10.29","0.44","2020",0.5,8.6,"Consumer Discretionary"
"38","AMGN",0.0053,0,"8.07","0.88","2020",0.5,8.6,"Health Care"
"39","APH",-7e-04,0,"12.27","0.71","2020",0.5,8.6,"Technology"
"40","ADI",-0.0018,0,"11.3","0.38","2020",0.5,8.6,"Technology"
"41","ANSS",0.0213,1,"8.04","2.62","2020",0.5,8.6,"Technology"
"42","ANTM",-0.0156,0,"11.39","-0.96","2020",0.5,8.6,NA
"43","AON",-0.0012,0,"9.84","0.33","2020",0.5,8.6,"Finance"
"44","APA",0.0831,1,"82.02","12.54","2020",0.5,8.6,"Energy"
"45","AIV",-0.0422,0,"10.2","-3.66","2020",0.5,8.6,"Real Estate"
"46","AAPL",0.0479,1,"12.84","5.55","2020",0.5,8.6,"Technology"
"47","AMAT",-0.0034,0,"10.44","0.17","2020",0.5,8.6,"Technology"
"48","APTV",0.003,0,"20.89","1.52","2020",0.5,8.6,"Consumer Discretionary"
"49","ADM",0.0012,0,"7.52","0.52","2020",0.5,8.6,"Consumer Staples"
"50","ARNC",0.0969,1,"28.23","21.67","2020",0.5,8.6,"Consumer Discretionary"
"51","AJG",0.013,1,"10.33","1.65","2020",0.5,8.6,"Finance"
"52","AIZ",-0.01,0,"7.54","-0.6","2020",0.5,8.6,"Finance"
"53","T",-0.0299,0,"6.72","-2.56","2020",0.5,8.6,"Consumer Discretionary"
"54","ADSK",0.0235,1,"11.53","3.01","2020",0.5,8.6,"Technology"
"55","ADP",-0.0225,0,"6.9","-1.93","2020",0.5,8.6,"Consumer Discretionary"
"56","AZO",-0.0039,0,"11.73","0.28","2020",0.5,8.6,"Consumer Discretionary"
"57","AVB",-0.0344,0,"10.31","-2.84","2020",0.5,8.6,"Real Estate"
"58","AVY",-0.0034,0,"7.39","0.01","2020",0.5,8.6,"Miscellaneous"
"59","BAC",-0.0433,0,"11.23","-3.58","2020",0.5,8.6,"Finance"
"60","BAX",-0.0096,0,"5.57","-0.68","2020",0.5,8.6,"Health Care"
"61","BDX",-0.0185,0,"10.17","-1.52","2020",0.5,8.6,"Health Care"
"62","BBY",0.0298,1,"16.72","4.06","2020",0.5,8.6,"Consumer Discretionary"
"63","BIIB",4e-04,0,"8.26","-0.15","2020",0.5,8.6,"Health Care"
"64","BLK",0.0099,1,"7.76","1.46","2020",0.5,8.6,"Finance"
"65","HRB",-0.0313,0,"14.81","-2.43","2020",0.5,8.6,"Consumer Discretionary"
"66","BA",-0.0627,0,"19.38","-5.5","2020",0.5,8.6,"Industrials"
"67","BWA",-0.0122,0,"15.03","-0.37","2020",0.5,8.6,"Consumer Discretionary"
"68","BXP",-0.0521,0,"10.93","-4.7","2020",0.5,8.6,"Real Estate"
"69","BSX",-0.022,0,"9.96","-1.57","2020",0.5,8.6,"Health Care"
"70","BHF",-0.0407,0,"13.99","-3.26","2020",0.5,8.6,"Finance"
"71","BMY",-0.0065,0,"5.31","-0.32","2020",0.5,8.6,"Health Care"
"72","AVGO",0.0163,1,"9.45","2.17","2020",0.5,8.6,"Technology"
"73","CHRW",0.0343,1,"8.81","3.78","2020",0.5,8.6,"Consumer Discretionary"
"74","CDNS",0.0431,1,"9.86","4.86","2020",0.5,8.6,"Technology"
"75","CPB",3e-04,0,"5.68","0.28","2020",0.5,8.6,"Consumer Staples"
"76","COF",-0.0329,0,"19.11","-2.14","2020",0.5,8.6,"Finance"
"77","CAH",-0.0052,0,"6.34","-0.34","2020",0.5,8.6,"Health Care"
"78","KMX",0.0126,1,"21.4","2.64","2020",0.5,8.6,"Consumer Discretionary"
"79","CCL",-0.1027,0,"24.54","-8.81","2020",0.5,8.6,"Consumer Discretionary"
"80","CAT",-3e-04,0,"6.68","0.23","2020",0.5,8.6,"Industrials"
"81","CBOE",-0.0352,0,"10.47","-2.96","2020",0.5,8.6,"Finance"
"82","CNC",-0.009,0,"9.16","-0.75","2020",0.5,8.6,"Health Care"
"83","CNP",-0.0342,0,"13.23","-2.59","2020",0.5,8.6,"Utilities"
"84","CERN",-0.0049,0,"6.23","-0.11","2020",0.5,8.6,NA
"85","CF",-0.0446,0,"11.74","-3.81","2020",0.5,8.6,"Industrials"
"86","SCHW",-0.0327,0,"8.95","-2.74","2020",0.5,8.6,"Finance"
"87","CHTR",0.026,1,"8.98","3.11","2020",0.5,8.6,"Consumer Discretionary"
"88","CVX",-0.0524,0,"14.08","-4.38","2020",0.5,8.6,"Energy"
"89","CMG",0.043,1,"14.96","5.3","2020",0.5,8.6,"Consumer Discretionary"
"90","CB",-0.0316,0,"9.52","-2.74","2020",0.5,8.6,"Finance"
"91","CHD",0.0323,1,"9.83","3.68","2020",0.5,8.6,"Consumer Discretionary"
"92","CI",-0.0252,0,"5.97","-2.27","2020",0.5,8.6,"Health Care"
"93","CINF",-0.0271,0,"12.53","-2.4","2020",0.5,8.6,"Finance"
"94","CTAS",0.0264,1,"17.32","3.74","2020",0.5,8.6,"Consumer Discretionary"
"95","CSCO",-0.0215,0,"8.55","-1.85","2020",0.5,8.6,"Telecommunications"
"96","C",-0.0654,0,"14.58","-5.6","2020",0.5,8.6,"Finance"
"97","CFG",-0.044,0,"17.32","-3.31","2020",0.5,8.6,"Finance"
"98","CTXS",0.0352,1,"14.35","3.19","2020",0.5,8.6,"Technology"
"99","CME",-0.021,0,"7.54","-1.73","2020",0.5,8.6,"Finance"
"100","CMS",0.0022,0,"7.06","0.34","2020",0.5,8.6,"Utilities"
"101","KO",-0.0115,0,"7.61","-0.73","2020",0.5,8.6,"Consumer Staples"
"102","CTSH",0.0155,1,"14.49","2.27","2020",0.5,8.6,"Technology"
"103","CL",0.0133,1,"5.5","1.59","2020",0.5,8.6,"Consumer Discretionary"
"104","CMCSA",0.002,0,"7.97","0.68","2020",0.5,8.6,"Consumer Discretionary"
"105","CMA",-0.0566,0,"17.77","-4.59","2020",0.5,8.6,"Finance"
"106","CAG",0.0091,1,"9.91","1.26","2020",0.5,8.6,"Consumer Staples"
"107","COP",-0.0668,0,"19.75","-5.46","2020",0.5,8.6,"Energy"
"108","ED",-0.011,0,"7.45","-1.01","2020",0.5,8.6,"Utilities"
"109","STZ",-0.0011,0,"8.81","0.45","2020",0.5,8.6,"Consumer Staples"
"110","GLW",0.0099,1,"11.54","1.58","2020",0.5,8.6,"Technology"
"111","COST",0.0209,1,"4.9","2.3","2020",0.5,8.6,"Consumer Discretionary"
"112","COTY",-0.1309,0,"20.48","-12.38","2020",0.5,8.6,"Consumer Discretionary"
"113","CCI",0.0187,1,"5.2","2.02","2020",0.5,8.6,"Real Estate"
"114","CSX",0.0061,0,"9.96","1.23","2020",0.5,8.6,"Industrials"
"115","CMI",0.0203,1,"10.31","2.63","2020",0.5,8.6,"Industrials"
"116","CVS",-0.026,0,"6.14","-2.36","2020",0.5,8.6,"Health Care"
"117","DHI",0.0476,1,"20.93","6.06","2020",0.5,8.6,"Consumer Discretionary"
"118","DHR",0.0336,1,"8.74","3.84","2020",0.5,8.6,"Health Care"
"119","DRI",0.0019,0,"22.25","1.45","2020",0.5,8.6,"Consumer Discretionary"
"120","DVA",0.0117,1,"4.72","1.34","2020",0.5,8.6,"Health Care"
"121","DE",0.0259,1,"9.72","3.04","2020",0.5,8.6,"Industrials"
"122","DAL",-0.0617,0,"17.28","-5.47","2020",0.5,8.6,"Consumer Discretionary"
"123","XRAY",-0.0321,0,"9.69","-2.61","2020",0.5,8.6,"Health Care"
"124","DVN",-0.063,0,"36.86","-4.17","2020",0.5,8.6,"Energy"
"125","DLR",0.031,1,"7.79","3.04","2020",0.5,8.6,"Real Estate"
"126","DFS",-0.0337,0,"19.39","-2.25","2020",0.5,8.6,"Finance"
"127","DISH",-0.0106,0,"21.11","0.17","2020",0.5,8.6,"Consumer Discretionary"
"128","DG",0.0324,1,"6.12","3.52","2020",0.5,8.6,"Consumer Discretionary"
"129","DLTR",-0.0049,0,"10.49","-0.01","2020",0.5,8.6,"Consumer Discretionary"
"130","D",-0.003,0,"6.28","-0.02","2020",0.5,8.6,"Utilities"
"131","DOV",-0.0091,0,"9.21","-0.3","2020",0.5,8.6,"Industrials"
"132","DTE",-0.0116,0,"8.82","-0.61","2020",0.5,8.6,"Utilities"
"133","DUK",-0.007,0,"6.72","-0.45","2020",0.5,8.6,"Utilities"
"134","DRE",0.0098,1,"6.98","1.24","2020",0.5,8.6,"Real Estate"
"135","DXC",-0.0599,0,"25.44","-4.48","2020",0.5,8.6,"Technology"
"136","EMN",0.0033,0,"15.63","1.23","2020",0.5,8.6,"Industrials"
"137","ETN",0.0056,0,"7.19","1.01","2020",0.5,8.6,"Industrials"
"138","EBAY",0.0442,1,"13.95","5.14","2020",0.5,8.6,"Consumer Discretionary"
"139","ECL",0.0043,0,"11.34","1.04","2020",0.5,8.6,"Consumer Discretionary"
"140","EIX",-0.0385,0,"7.93","-3.42","2020",0.5,8.6,"Utilities"
"141","EW",-3e-04,0,"9.93","0.54","2020",0.5,8.6,"Health Care"
"142","EA",0.02,1,"7.06","2.37","2020",0.5,8.6,"Consumer Discretionary"
"143","EMR",-0.0168,0,"13.54","-0.8","2020",0.5,8.6,"Industrials"
"144","ETR",-0.0193,0,"10.67","-1.48","2020",0.5,8.6,"Utilities"
"145","EOG",-0.0789,0,"20.78","-6.62","2020",0.5,8.6,"Energy"
"146","EQT",0.0698,1,"41.77","8.4","2020",0.5,8.6,"Energy"
"147","EFX",0.0116,1,"10.5","1.73","2020",0.5,8.6,"Finance"
"148","EQIX",0.0326,1,"5.26","3.36","2020",0.5,8.6,"Real Estate"
"149","EQR",-0.046,0,"7.88","-4.21","2020",0.5,8.6,"Real Estate"
"150","ESS",-0.042,0,"8.91","-3.68","2020",0.5,8.6,"Real Estate"
"151","EL",0.0032,0,"9.31","0.89","2020",0.5,8.6,"Consumer Discretionary"
"152","RE",-0.0325,0,"11.07","-2.81","2020",0.5,8.6,"Finance"
"153","ES",0.0014,0,"6.8","0.4","2020",0.5,8.6,"Utilities"
"154","EXC",-0.0256,0,"6.95","-2.23","2020",0.5,8.6,"Utilities"
"155","EXPE",-0.0119,0,"20.14","0.08","2020",0.5,8.6,"Consumer Discretionary"
"156","EXPD",0.0169,1,"6.3","2.01","2020",0.5,8.6,"Consumer Discretionary"
"157","EXR",0.0067,0,"7.48","0.81","2020",0.5,8.6,"Real Estate"
"158","XOM",-0.0723,0,"13.6","-6.38","2020",0.5,8.6,"Energy"
"159","FFIV",-0.0135,0,"12.83","-0.74","2020",0.5,8.6,"Technology"
"160","FB",0.0235,1,"12.43","3.15","2020",0.5,8.6,NA
"161","FAST",0.0225,1,"9.37","2.81","2020",0.5,8.6,"Basic Materials"
"162","FRT",-0.0518,0,"13.66","-4.46","2020",0.5,8.6,"Real Estate"
"163","FDX",0.0601,1,"13.81","6.55","2020",0.5,8.6,"Consumer Discretionary"
"164","FIS",0.0058,0,"6.8","0.98","2020",0.5,8.6,"Consumer Discretionary"
"165","FITB",-0.0347,0,"17.28","-2.4","2020",0.5,8.6,"Finance"
"166","FE",-0.0481,0,"10.07","-4.66","2020",0.5,8.6,"Utilities"
"167","FISV",-0.0132,0,"7.18","-0.97","2020",0.5,8.6,"Consumer Discretionary"
"168","FLS",-0.0608,0,"16.68","-5.07","2020",0.5,8.6,"Industrials"
"169","FLR",-0.0524,0,"31.54","-3.61","2020",0.5,8.6,"Industrials"
"170","FMC",0.0054,0,"7.13","0.98","2020",0.5,8.6,"Industrials"
"171","FL",-0.0103,0,"15.93","-0.16","2020",0.5,8.6,"Consumer Discretionary"
"172","F",-0.035,0,"14.39","-2.64","2020",0.5,8.6,"Consumer Discretionary"
"173","FTV",-0.002,0,"10.76","0.38","2020",0.5,8.6,"Industrials"
"174","FBHS",0.0341,1,"16.64","4.35","2020",0.5,8.6,NA
"175","BEN",-0.0232,0,"10.99","-1.66","2020",0.5,8.6,"Finance"
"176","FCX",0.0249,1,"21.07","3.74","2020",0.5,8.6,"Basic Materials"
"177","GPS",0.0216,1,"26.97","3.6","2020",0.5,8.6,"Consumer Discretionary"
"178","GRMN",-0.0033,0,"9","0.21","2020",0.5,8.6,"Industrials"
"179","IT",-0.0247,0,"12.82","-1.64","2020",0.5,8.6,"Finance"
"180","GD",-0.0265,0,"8.26","-2.23","2020",0.5,8.6,"Industrials"
"181","GE",-0.0682,0,"10.66","-6.54","2020",0.5,8.6,"Consumer Discretionary"
"182","GIS",0.0181,1,"6.68","2.03","2020",0.5,8.6,"Consumer Staples"
"183","GM",-0.0248,0,"15.08","-1.65","2020",0.5,8.6,"Consumer Discretionary"
"184","GPC",-0.0101,0,"11.59","-0.31","2020",0.5,8.6,"Consumer Discretionary"
"185","GILD",0.0019,0,"8.16","0.06","2020",0.5,8.6,"Health Care"
"186","GPN",-0.0054,0,"10.45","0.05","2020",0.5,8.6,"Consumer Discretionary"
"187","GS",-0.0182,0,"12.19","-1.02","2020",0.5,8.6,"Finance"
"188","GT",-0.0647,0,"21.16","-5.12","2020",0.5,8.6,"Consumer Discretionary"
"189","GWW",0.0025,0,"9.67","0.81","2020",0.5,8.6,"Consumer Discretionary"
"190","HAL",-0.042,0,"31.82","-2.1","2020",0.5,8.6,"Energy"
"191","HBI",0.0198,1,"20.06","3.15","2020",0.5,8.6,"Consumer Discretionary"
"192","HOG",-0.0434,0,"16.46","-3.33","2020",0.5,8.6,"Consumer Discretionary"
"193","HIG",-0.0529,0,"12.18","-4.54","2020",0.5,8.6,"Finance"
"194","HAS",-0.0254,0,"9.35","-2.13","2020",0.5,8.6,"Consumer Discretionary"
"195","HCA",-0.0179,0,"18.21","-0.75","2020",0.5,8.6,"Health Care"
"196","HP",-0.0928,0,"22.05","-8.04","2020",0.5,8.6,"Energy"
"197","HSIC",-0.0152,0,"11.72","-0.89","2020",0.5,8.6,"Health Care"
"198","HES",-0.0415,0,"22.99","-2.96","2020",0.5,8.6,"Energy"
"199","HPE",-0.0561,0,"8.64","-5.14","2020",0.5,8.6,"Telecommunications"
"200","HLT",-0.0263,0,"14.14","-1.78","2020",0.5,8.6,"Consumer Discretionary"
"201","HOLX",0.0344,1,"20.51","4.46","2020",0.5,8.6,"Health Care"
"202","HD",0.0239,1,"9.58","3.01","2020",0.5,8.6,"Consumer Discretionary"
"203","HON",-0.0102,0,"8.28","-0.52","2020",0.5,8.6,"Industrials"
"204","HRL",0.0138,1,"7.1","1.41","2020",0.5,8.6,"Consumer Staples"
"205","HST",-0.0569,0,"9.86","-5.07","2020",0.5,8.6,"Real Estate"
"206","HPQ",-0.0051,0,"9.84","-0.3","2020",0.5,8.6,"Technology"
"207","HUM",0.0107,1,"9.07","1.52","2020",0.5,8.6,"Health Care"
"208","HBAN",-0.0488,0,"12.45","-4.14","2020",0.5,8.6,"Finance"
"209","HII",-0.0619,0,"9.16","-5.82","2020",0.5,8.6,"Industrials"
"210","IDXX",0.0412,1,"9.27","4.6","2020",0.5,8.6,"Health Care"
"211","ITW",0.0069,1,"8.37","1.24","2020",0.5,8.6,"Industrials"
"212","ILMN",-0.0063,0,"10.87","-0.23","2020",0.5,8.6,"Health Care"
"213","INCY",0.0043,0,"13.64","0.93","2020",0.5,8.6,"Health Care"
"214","IR",-0.0033,0,"12.48","0.42","2020",0.5,8.6,"Industrials"
"215","INTC",-0.0147,0,"10.11","-1.23","2020",0.5,8.6,"Technology"
"216","ICE",0.007,1,"8.88","1.22","2020",0.5,8.6,"Finance"
"217","IBM",-0.0103,0,"8.07","-0.55","2020",0.5,8.6,"Technology"
"218","IP",-0.0092,0,"9.31","-0.49","2020",0.5,8.6,"Industrials"
"219","IPG",-0.0308,0,"8.99","-2.56","2020",0.5,8.6,"Consumer Discretionary"
"220","IFF",-0.0038,0,"12.03","0.27","2020",0.5,8.6,"Industrials"
"221","INTU",0.0204,1,"9.75","2.68","2020",0.5,8.6,"Technology"
"222","ISRG",0.0162,1,"9.71","2.06","2020",0.5,8.6,"Health Care"
"223","IVZ",-0.0316,0,"19.48","-2.61","2020",0.5,8.6,"Finance"
"224","IQV",-9e-04,0,"15.31","0.88","2020",0.5,8.6,"Health Care"
"225","IRM",-0.0077,0,"9.2","-0.26","2020",0.5,8.6,"Real Estate"
"226","JBHT",0.01,1,"10.13","1.53","2020",0.5,8.6,"Industrials"
"227","SJM",0.0149,1,"5.78","1.54","2020",0.5,8.6,"Consumer Staples"
"228","JNJ",0.0013,0,"7.02","0.52","2020",0.5,8.6,"Health Care"
"229","JCI",0.0014,0,"11.94","0.83","2020",0.5,8.6,"Consumer Discretionary"
"230","JPM",-0.0417,0,"9.31","-3.55","2020",0.5,8.6,"Finance"
"231","JNPR",-0.0116,0,"10.26","-0.61","2020",0.5,8.6,"Technology"
"232","K",-0.0055,0,"6.7","-0.21","2020",0.5,8.6,"Consumer Staples"
"233","KEY",-0.0518,0,"13.89","-4.32","2020",0.5,8.6,"Finance"
"234","KMB",0.0091,1,"5.91","1.23","2020",0.5,8.6,"Consumer Discretionary"
"235","KIM",-0.0465,0,"18.33","-3.69","2020",0.5,8.6,"Real Estate"
"236","KMI",-0.0522,0,"10.56","-4.6","2020",0.5,8.6,"Utilities"
"237","KLAC",0.0064,0,"8.54","1.11","2020",0.5,8.6,"Technology"
"238","KSS",-0.0745,0,"24.68","-6","2020",0.5,8.6,"Consumer Discretionary"
"239","KHC",-0.0024,0,"11.92","0.35","2020",0.5,8.6,"Consumer Staples"
"240","KR",0.021,1,"4.69","2.11","2020",0.5,8.6,"Consumer Staples"
"241","LLL",-0.0037,0,"15.64","-0.06","2020",0.5,8.6,"Consumer Staples"
"242","LH",0.0162,1,"16.25","2.4","2020",0.5,8.6,"Health Care"
"243","LRCX",0.0177,1,"11.77","2.18","2020",0.5,8.6,"Technology"
"244","LEG",-0.0136,0,"19.25","-0.27","2020",0.5,8.6,"Consumer Discretionary"
"245","LEN",0.0485,1,"20.15","6.01","2020",0.5,8.6,"Real Estate"
"246","LLY",0.0149,1,"7.54","1.55","2020",0.5,8.6,"Health Care"
"247","LNC",-0.0594,0,"20.98","-4.61","2020",0.5,8.6,"Finance"
"248","LKQ",-0.0262,0,"16.85","-1.52","2020",0.5,8.6,"Consumer Discretionary"
"249","LMT",-0.0024,0,"8.48","0.22","2020",0.5,8.6,"Industrials"
"250","L",-0.0478,0,"8.76","-4.31","2020",0.5,8.6,"Finance"
"251","LOW",0.0351,1,"14.21","4.41","2020",0.5,8.6,"Consumer Discretionary"
"252","LYB",-0.0235,0,"14.87","-1.59","2020",0.5,8.6,"Industrials"
"253","MTB",-0.0659,0,"10.47","-5.92","2020",0.5,8.6,"Finance"
"254","MAC",-0.0782,0,"31.31","-6.24","2020",0.5,8.6,"Real Estate"
"255","M",-0.0829,0,"24.69","-6.82","2020",0.5,8.6,"Consumer Discretionary"
"256","MRO",-0.0797,0,"39.83","-5.72","2020",0.5,8.6,"Energy"
"257","MPC",-0.0602,0,"23.45","-4.59","2020",0.5,8.6,"Energy"
"258","MAR",-0.0463,0,"18.5","-3.49","2020",0.5,8.6,"Consumer Discretionary"
"259","MMC",0.0017,0,"9.18","0.73","2020",0.5,8.6,"Finance"
"260","MLM",-0.0178,0,"9.51","-1.48","2020",0.5,8.6,"Industrials"
"261","MAS",0.0168,1,"12.31","2.46","2020",0.5,8.6,"Industrials"
"262","MA",0.0103,1,"10.86","1.72","2020",0.5,8.6,"Consumer Discretionary"
"263","MAT",-0.0128,0,"13.46","-0.72","2020",0.5,8.6,"Consumer Discretionary"
"264","MKC",0.013,1,"8.31","1.79","2020",0.5,8.6,"Consumer Staples"
"265","MCD",0.0099,1,"8.98","1.53","2020",0.5,8.6,"Consumer Discretionary"
"266","MCK",0.0064,0,"5.43","0.83","2020",0.5,8.6,"Health Care"
"267","MDT",-0.0119,0,"8.21","-0.7","2020",0.5,8.6,"Health Care"
"268","MRK",-0.0111,0,"5.51","-0.89","2020",0.5,8.6,"Health Care"
"269","MET",-0.0336,0,"12.8","-2.52","2020",0.5,8.6,"Finance"
"270","MTD",0.02,1,"7.46","2.31","2020",0.5,8.6,"Health Care"
"271","MGM",-0.0239,0,"28.72","-0.62","2020",0.5,8.6,"Consumer Discretionary"
"272","MCHP",-0.0026,0,"15.58","0.68","2020",0.5,8.6,"Technology"
"273","MU",-0.0081,0,"10.52","-0.47","2020",0.5,8.6,"Technology"
"274","MSFT",0.0282,1,"7.56","3.21","2020",0.5,8.6,"Technology"
"275","MAA",-0.0112,0,"8.84","-0.63","2020",0.5,8.6,"Real Estate"
"276","MHK",-0.0286,0,"17.61","-2.06","2020",0.5,8.6,"Consumer Discretionary"
"277","TAP",-0.0503,0,"9.62","-4.51","2020",0.5,8.6,"Consumer Staples"
"278","MDLZ",0.0048,0,"5.37","0.75","2020",0.5,8.6,"Consumer Staples"
"279","MNST",0.0238,1,"9.38","2.91","2020",0.5,8.6,"Consumer Staples"
"280","MCO",0.0172,1,"8.32","2.25","2020",0.5,8.6,"Finance"
"281","MS",-0.0084,0,"13.5","0.04","2020",0.5,8.6,"Finance"
"282","MSI",-0.0016,0,"9.66","0.31","2020",0.5,8.6,"Technology"
"283","NDAQ",0.0131,1,"9.5","1.87","2020",0.5,8.6,"Finance"
"284","NOV",-0.0954,0,"20.78","-8.27","2020",0.5,8.6,"Industrials"
"285","NAVI",-0.0456,0,"15.11","-3.72","2020",0.5,8.6,"Finance"
"286","NTAP",-0.0379,0,"8.22","-3.31","2020",0.5,8.6,"Technology"
"287","NFLX",0.0452,1,"5.63","4.72","2020",0.5,8.6,"Consumer Discretionary"
"288","NWL",-0.005,0,"11.85","-0.07","2020",0.5,8.6,"Industrials"
"289","NEM",0.0439,1,"11.33","4.86","2020",0.5,8.6,"Basic Materials"
"290","NWSA",-8e-04,0,"15.47","0.83","2020",0.5,8.6,"Consumer Discretionary"
"291","NWS",-0.0048,0,"15.46","0.48","2020",0.5,8.6,"Consumer Discretionary"
"292","NEE",0.0225,1,"8.64","2.41","2020",0.5,8.6,"Utilities"
"293","NLSN",-0.0371,0,"13.72","-2.89","2020",0.5,8.6,"Consumer Discretionary"
"294","NKE",0.0249,1,"9.09","2.82","2020",0.5,8.6,"Consumer Discretionary"
"295","NI",-0.0203,0,"6.58","-1.9","2020",0.5,8.6,"Utilities"
"296","JWN",-0.1082,0,"22.8","-9.54","2020",0.5,8.6,"Consumer Discretionary"
"297","NSC",0.0108,1,"11.63","1.82","2020",0.5,8.6,"Industrials"
"298","NTRS",-0.0351,0,"6.55","-3.1","2020",0.5,8.6,"Finance"
"299","NOC",-0.0102,0,"7.75","-0.58","2020",0.5,8.6,"Technology"
"300","NCLH",-0.081,0,"33.78","-6.06","2020",0.5,8.6,"Consumer Discretionary"
"301","NRG",-0.0272,0,"12.98","-1.92","2020",0.5,8.6,"Utilities"
"302","NUE",-0.021,0,"9.77","-1.52","2020",0.5,8.6,"Industrials"
"303","NVDA",0.0922,1,"10.15","9.61","2020",0.5,8.6,"Technology"
"304","ORLY",0.0037,0,"13.76","1.2","2020",0.5,8.6,"Consumer Discretionary"
"305","OXY",-0.1036,0,"33.14","-8.85","2020",0.5,8.6,"Energy"
"306","OMC",-0.0516,0,"7.1","-4.72","2020",0.5,8.6,"Consumer Discretionary"
"307","OKE",-0.0615,0,"29.57","-4.54","2020",0.5,8.6,"Utilities"
"308","ORCL",0.0109,1,"4.56","1.33","2020",0.5,8.6,"Technology"
"309","PCAR",0.0086,1,"8.73","1.37","2020",0.5,8.6,"Consumer Discretionary"
"310","PKG",9e-04,0,"7.78","0.35","2020",0.5,8.6,"Basic Materials"
"311","PH",-6e-04,0,"15.4","0.88","2020",0.5,8.6,"Industrials"
"312","PDCO",0.0288,1,"18.97","3.9","2020",0.5,8.6,"Health Care"
"313","PAYX",-0.0063,0,"9.11","-0.12","2020",0.5,8.6,"Consumer Discretionary"
"314","PYPL",0.0641,1,"13.83","7.24","2020",0.5,8.6,"Consumer Discretionary"
"315","PNR",2e-04,0,"13.17","0.82","2020",0.5,8.6,"Industrials"
"316","PEP",0.0015,0,"5.76","0.5","2020",0.5,8.6,"Consumer Staples"
"317","PKI",0.0249,1,"12.14","3.13","2020",0.5,8.6,"Health Care"
"318","PRGO",-0.0119,0,"8.43","-0.83","2020",0.5,8.6,"Health Care"
"319","PFE",-0.0046,0,"11.27","0","2020",0.5,8.6,"Health Care"
"320","PCG",0.004,0,"23.73","1.17","2020",0.5,8.6,"Utilities"
"321","PM",-0.011,0,"5.51","-0.83","2020",0.5,8.6,"Consumer Discretionary"
"322","PSX",-0.0732,0,"18.95","-6.27","2020",0.5,8.6,"Energy"
"323","PNW",-0.0162,0,"9.99","-1.33","2020",0.5,8.6,"Utilities"
"324","PXD",-0.0517,0,"19.35","-3.95","2020",0.5,8.6,"Energy"
"325","PNC",-0.0419,0,"11.5","-3.45","2020",0.5,8.6,"Finance"
"326","RL",-0.0582,0,"12.65","-5.12","2020",0.5,8.6,"Consumer Discretionary"
"327","PPG",-0.009,0,"11.4","-0.22","2020",0.5,8.6,"Consumer Discretionary"
"328","PPL",-0.0267,0,"9.38","-2.15","2020",0.5,8.6,"Utilities"
"329","PFG",-0.0314,0,"13.59","-2.27","2020",0.5,8.6,"Finance"
"330","PG",0.0124,1,"5.97","1.56","2020",0.5,8.6,"Consumer Discretionary"
"331","PGR",0.0301,1,"6.76","3.25","2020",0.5,8.6,"Finance"
"332","PLD",0.0144,1,"7.2","1.79","2020",0.5,8.6,"Real Estate"
"333","PRU",-0.0386,0,"14.5","-2.89","2020",0.5,8.6,"Finance"
"334","PEG",-0.0049,0,"9.74","-0.04","2020",0.5,8.6,"Utilities"
"335","PSA",0.009,1,"6.28","0.99","2020",0.5,8.6,"Real Estate"
"336","PHM",0.0324,1,"22.45","4.52","2020",0.5,8.6,"Consumer Discretionary"
"337","PVH",-0.0481,0,"22.66","-3.49","2020",0.5,8.6,NA
"338","QRVO",0.0131,1,"12.54","2.04","2020",0.5,8.6,"Industrials"
"339","QCOM",0.0325,1,"11.08","3.94","2020",0.5,8.6,"Technology"
"340","PWR",0.0285,1,"12.6","3.51","2020",0.5,8.6,"Industrials"
"341","DGX",0.0141,1,"17.39","2.27","2020",0.5,8.6,"Health Care"
"342","RRC",0.1038,1,"55.54","13.02","2020",0.5,8.6,"Energy"
"343","RJF",-0.0249,0,"9.77","-1.9","2020",0.5,8.6,"Finance"
"344","O",-0.014,0,"12.59","-0.72","2020",0.5,8.6,"Real Estate"
"345","REG",-0.0466,0,"13.19","-3.98","2020",0.5,8.6,"Real Estate"
"346","REGN",0.0576,1,"12.76","5.54","2020",0.5,8.6,"Health Care"
"347","RF",-0.0387,0,"14.69","-2.96","2020",0.5,8.6,"Finance"
"348","RSG",0.0048,0,"8.03","0.91","2020",0.5,8.6,"Utilities"
"349","RMD",0.0134,1,"8.78","1.53","2020",0.5,8.6,"Health Care"
"350","RHI",-0.0187,0,"14.25","-0.99","2020",0.5,8.6,"Consumer Discretionary"
"351","ROK",0.009,1,"12.66","1.66","2020",0.5,8.6,"Industrials"
"352","COL",0.1496,1,"46.94","15.29","2020",0.5,8.6,NA
"353","ROP",0.0098,1,"9.33","1.48","2020",0.5,8.6,"Industrials"
"354","ROST",-0.0276,0,"8.71","-2.33","2020",0.5,8.6,"Consumer Discretionary"
"355","RCL",-0.0421,0,"32.81","-2.11","2020",0.5,8.6,"Consumer Discretionary"
"356","SPGI",0.0268,1,"9.1","3.25","2020",0.5,8.6,"Finance"
"357","CRM",0.0467,1,"16.05","5.49","2020",0.5,8.6,"Technology"
"358","SBAC",0.0319,1,"4.38","3.22","2020",0.5,8.6,"Real Estate"
"359","SLB",-0.085,0,"21.5","-7.11","2020",0.5,8.6,"Energy"
"360","STX",-0.0146,0,"7.87","-1.33","2020",0.5,8.6,"Technology"
"361","SEE",-0.0026,0,"12.28","0.54","2020",0.5,8.6,"Industrials"
"362","SRE",-0.0255,0,"9.56","-2","2020",0.5,8.6,"Utilities"
"363","SHW",0.0227,1,"9.37","2.82","2020",0.5,8.6,"Consumer Discretionary"
"364","SIG",0.0687,1,"39.25","9.04","2020",0.5,8.6,"Consumer Discretionary"
"365","SPG",-0.0638,0,"22.61","-5.22","2020",0.5,8.6,"Real Estate"
"366","SWKS",0.0194,1,"10.95","2.57","2020",0.5,8.6,"Technology"
"367","SLG",-0.0524,0,"20.55","-4.25","2020",0.5,8.6,"Real Estate"
"368","SNA",-0.0148,0,"12.2","-0.71","2020",0.5,8.6,"Consumer Discretionary"
"369","SO",-0.013,0,"8.6","-1","2020",0.5,8.6,"Utilities"
"370","LUV",-0.0368,0,"13.38","-3.25","2020",0.5,8.6,"Consumer Discretionary"
"371","SWK",-0.0011,0,"14.09","0.72","2020",0.5,8.6,"Consumer Discretionary"
"372","SBUX",-0.0058,0,"9.94","0.03","2020",0.5,8.6,"Consumer Discretionary"
"373","STT",-0.032,0,"11.67","-2.45","2020",0.5,8.6,"Finance"
"374","SRCL",-9e-04,0,"8.42","0.36","2020",0.5,8.6,"Utilities"
"375","SYK",-0.0036,0,"8.23","0.11","2020",0.5,8.6,"Health Care"
"376","SYF",-0.0258,0,"19.24","-1.45","2020",0.5,8.6,"Finance"
"377","SNPS",0.0429,1,"9.98","4.92","2020",0.5,8.6,"Technology"
"378","SYY",-0.0308,0,"16.33","-2.07","2020",0.5,8.6,"Consumer Discretionary"
"379","TROW",0.0034,0,"11.23","1.04","2020",0.5,8.6,"Finance"
"380","TPR",-0.0505,0,"17.01","-4.14","2020",0.5,8.6,"Consumer Discretionary"
"381","TGT",0.026,1,"11.9","3.25","2020",0.5,8.6,"Consumer Discretionary"
"382","TEL",0.0022,0,"12.51","1.03","2020",0.5,8.6,"Technology"
"383","FTI",-0.1081,0,"24.41","-9.41","2020",0.5,8.6,"Industrials"
"384","TXN",0.0103,1,"9.02","1.58","2020",0.5,8.6,"Technology"
"385","TXT",-0.0192,0,"15.39","-1.1","2020",0.5,8.6,"Industrials"
"386","BK",-0.0434,0,"9.06","-3.8","2020",0.5,8.6,"Finance"
"387","CLX",0.0394,1,"6.15","4","2020",0.5,8.6,"Consumer Discretionary"
"388","COO",0.0037,0,"9.46","0.76","2020",0.5,8.6,"Health Care"
"389","HSY",-0.0011,0,"6.89","0.17","2020",0.5,8.6,"Consumer Staples"
"390","MOS",-0.0113,0,"19.24","-0.07","2020",0.5,8.6,"Industrials"
"391","TRV",-0.0264,0,"7.62","-2.21","2020",0.5,8.6,"Finance"
"392","DIS",-0.0199,0,"11.31","-1.25","2020",0.5,8.6,"Consumer Discretionary"
"393","TMO",0.0307,1,"8.19","3.53","2020",0.5,8.6,"Industrials"
"394","TJX",-0.0146,0,"8.16","-1.07","2020",0.5,8.6,"Consumer Discretionary"
"395","TSCO",0.0467,1,"10.01","5.24","2020",0.5,8.6,"Consumer Discretionary"
"396","TDG",-0.0071,0,"19.08","0.36","2020",0.5,8.6,"Industrials"
"397","TRIP",-0.047,0,"14.2","-3.78","2020",0.5,8.6,"Communication Services"
"398","FOXA",-0.0299,0,"12","-2.31","2020",0.5,8.6,"Industrials"
"399","FOX",-0.0278,0,"12.43","-2.05","2020",0.5,8.6,"Industrials"
"400","TSN",-0.046,0,"8.34","-4.05","2020",0.5,8.6,"Consumer Staples"
"401","USB",-0.053,0,"9.71","-4.74","2020",0.5,8.6,"Finance"
"402","UDR",-0.037,0,"7.05","-3.34","2020",0.5,8.6,"Real Estate"
"403","ULTA",-0.0094,0,"17.67","0.01","2020",0.5,8.6,"Consumer Discretionary"
"404","UAA",-0.0633,0,"18.47","-5.5","2020",0.5,8.6,"Consumer Discretionary"
"405","UA",-0.0636,0,"18.64","-5.48","2020",0.5,8.6,"Consumer Discretionary"
"406","UNP",0.0085,1,"8.67","1.4","2020",0.5,8.6,"Industrials"
"407","UAL",-0.0865,0,"20.5","-7.76","2020",0.5,8.6,"Consumer Discretionary"
"408","UNH",0.0042,0,"7.35","0.8","2020",0.5,8.6,"Health Care"
"409","UPS",0.0474,1,"12.58","5.13","2020",0.5,8.6,"Consumer Discretionary"
"410","URI",0.0054,0,"15.09","1.4","2020",0.5,8.6,"Consumer Discretionary"
"411","UHS",-0.0359,0,"11.15","-3","2020",0.5,8.6,"Health Care"
"412","UNM",-0.0534,0,"16.29","-4.37","2020",0.5,8.6,"Finance"
"413","VFC",-0.0358,0,"12.58","-2.97","2020",0.5,8.6,"Consumer Discretionary"
"414","VLO",-0.0737,0,"20.34","-6.14","2020",0.5,8.6,"Energy"
"415","VTR",-0.0144,0,"19.53","-0.32","2020",0.5,8.6,"Real Estate"
"416","VRSN",0.0029,0,"7.75","0.71","2020",0.5,8.6,"Technology"
"417","VRSK",0.0216,1,"7.92","2.56","2020",0.5,8.6,"Consumer Discretionary"
"418","VZ",-0.0011,0,"5.02","0.14","2020",0.5,8.6,"Telecommunications"
"419","VRTX",0.0244,1,"6.11","2.5","2020",0.5,8.6,"Health Care"
"420","V",0.0033,0,"8.59","0.85","2020",0.5,8.6,"Consumer Discretionary"
"421","VNO",-0.0629,0,"15.85","-5.43","2020",0.5,8.6,"Real Estate"
"422","VMC",-0.0071,0,"8.11","-0.41","2020",0.5,8.6,"Basic Materials"
"423","WMT",0.017,1,"5.55","1.88","2020",0.5,8.6,"Consumer Discretionary"
"424","WBA",-0.0513,0,"4.6","-5.11","2020",0.5,8.6,"Consumer Staples"
"425","WM",-0.001,0,"8.06","0.38","2020",0.5,8.6,"Utilities"
"426","WAT",-0.0215,0,"10","-1.71","2020",0.5,8.6,"Health Care"
"427","WEC",0.0092,1,"5.88","1.1","2020",0.5,8.6,"Utilities"
"428","WFC",-0.0859,0,"9.41","-8.06","2020",0.5,8.6,"Finance"
"429","WDC",-0.0536,0,"10.85","-4.82","2020",0.5,8.6,"Technology"
"430","WU",-0.0174,0,"10.88","-1.14","2020",0.5,8.6,"Consumer Discretionary"
"431","WRK",-0.0214,0,"12.32","-1.65","2020",0.5,8.6,"Basic Materials"
"432","WY",0.0019,0,"19.29","1.36","2020",0.5,8.6,"Real Estate"
"433","WHR",0.03,1,"19.01","4.22","2020",0.5,8.6,"Consumer Discretionary"
"434","WMB",-0.0074,0,"16.81","0.25","2020",0.5,8.6,"Utilities"
"435","WYNN",-0.062,0,"24.45","-4.67","2020",0.5,8.6,"Consumer Discretionary"
"436","XEL",0.0123,1,"6.71","1.49","2020",0.5,8.6,"Utilities"
"437","XRX",-0.0645,0,"15.61","-5.74","2020",0.5,8.6,"Technology"
"438","XL",0.0203,1,"5.37","1.95","2020",0.5,8.6,"Consumer Discretionary"
"439","XYL",0.0058,0,"9.44","1.05","2020",0.5,8.6,"Industrials"
"440","YUM",-0.0118,0,"14.05","-0.27","2020",0.5,8.6,"Consumer Discretionary"
"441","ZBH",-0.012,0,"12.89","-0.38","2020",0.5,8.6,"Health Care"
"442","ZION",-0.0594,0,"14.38","-5.05","2020",0.5,8.6,"Finance"
"443","ZTS",0.0201,1,"7.06","2.43","2020",0.5,8.6,"Health Care"
